-- phpMyAdmin SQL Dump
-- version 5.2.1
-- https://www.phpmyadmin.net/
--
-- Host: 127.0.0.1
-- Generation Time: Apr 26, 2026 at 09:14 AM
-- Server version: 10.4.32-MariaDB
-- PHP Version: 8.2.12

SET SQL_MODE = "NO_AUTO_VALUE_ON_ZERO";
START TRANSACTION;
SET time_zone = "+00:00";


/*!40101 SET @OLD_CHARACTER_SET_CLIENT=@@CHARACTER_SET_CLIENT */;
/*!40101 SET @OLD_CHARACTER_SET_RESULTS=@@CHARACTER_SET_RESULTS */;
/*!40101 SET @OLD_COLLATION_CONNECTION=@@COLLATION_CONNECTION */;
/*!40101 SET NAMES utf8mb4 */;

--
-- Database: `loandb`
--

-- --------------------------------------------------------

--
-- Table structure for table `barangays`
--

CREATE TABLE `barangays` (
  `id` int(11) NOT NULL,
  `municipality_id` int(11) NOT NULL,
  `barangay_name` varchar(100) NOT NULL
) ENGINE=InnoDB DEFAULT CHARSET=utf8mb4 COLLATE=utf8mb4_general_ci;

--
-- Dumping data for table `barangays`
--

INSERT INTO `barangays` (`id`, `municipality_id`, `barangay_name`) VALUES
(1, 1, 'Barangay 1 – Tondo'),
(2, 1, 'Barangay Paco'),
(3, 1, 'Barangay Pandacan'),
(4, 1, 'Barangay San Andres'),
(5, 1, 'Barangay San Miguel'),
(6, 1, 'Barangay Sampaloc'),
(7, 1, 'Barangay Santa Mesa'),
(8, 1, 'Barangay Ermita'),
(9, 1, 'Barangay Intramuros'),
(10, 1, 'Barangay Malate'),
(11, 1, 'Barangay Port Area'),
(12, 1, 'Barangay San Nicolas'),
(13, 1, 'Barangay Binondo'),
(14, 1, 'Barangay Quiapo'),
(15, 1, 'Barangay Santa Cruz'),
(16, 2, 'Barangay Bagong Silang'),
(17, 2, 'Barangay Batasan Hills'),
(18, 2, 'Barangay Commonwealth'),
(19, 2, 'Barangay Culiat'),
(20, 2, 'Barangay Fairview'),
(21, 2, 'Barangay Holy Spirit'),
(22, 2, 'Barangay Kamuning'),
(23, 2, 'Barangay Ugong Norte'),
(24, 2, 'Barangay Bagumbayan'),
(25, 2, 'Barangay Tandang Sora'),
(26, 2, 'Barangay Loyola Heights'),
(27, 2, 'Barangay Diliman'),
(28, 2, 'Barangay Kristong Hari'),
(29, 2, 'Barangay Pasong Tamo'),
(30, 2, 'Barangay Project 4'),
(31, 3, 'Barangay Bel-Air'),
(32, 3, 'Barangay Forbes Park'),
(33, 3, 'Barangay Magallanes'),
(34, 3, 'Barangay Pio del Pilar'),
(35, 3, 'Barangay Poblacion'),
(36, 3, 'Barangay Rembo'),
(37, 3, 'Barangay San Lorenzo'),
(38, 3, 'Barangay Bangkal'),
(39, 3, 'Barangay Carmona'),
(40, 3, 'Barangay Comembo'),
(41, 3, 'Barangay East Rembo'),
(42, 3, 'Barangay Guadalupe Nuevo'),
(43, 3, 'Barangay Guadalupe Viejo'),
(44, 3, 'Barangay Olympia'),
(45, 3, 'Barangay Palanan'),
(46, 4, 'Barangay Bagong Ilog'),
(47, 4, 'Barangay Bagong Katipunan'),
(48, 4, 'Barangay Bambang'),
(49, 4, 'Barangay Buting'),
(50, 4, 'Barangay Caniogan'),
(51, 4, 'Barangay dela Paz'),
(52, 4, 'Barangay Kalawaan'),
(53, 4, 'Barangay Kapasigan'),
(54, 4, 'Barangay Malinao'),
(55, 4, 'Barangay Manggahan'),
(56, 4, 'Barangay Maybunga'),
(57, 4, 'Barangay Pinagbuhatan'),
(58, 4, 'Barangay Rosario'),
(59, 4, 'Barangay San Antonio'),
(60, 4, 'Barangay San Miguel'),
(61, 5, 'Barangay Bagong Tanyag'),
(62, 5, 'Barangay Central Bicutan'),
(63, 5, 'Barangay Central Signal Village'),
(64, 5, 'Barangay Fort Bonifacio'),
(65, 5, 'Barangay Hagonoy'),
(66, 5, 'Barangay Ibayo Tipas'),
(67, 5, 'Barangay Lower Bicutan'),
(68, 5, 'Barangay Napindan'),
(69, 5, 'Barangay Palingon'),
(70, 5, 'Barangay San Miguel'),
(71, 5, 'Barangay Santa Ana'),
(72, 5, 'Barangay Tuktukan'),
(73, 5, 'Barangay Upper Bicutan'),
(74, 5, 'Barangay Ususan'),
(75, 5, 'Barangay Western Bicutan'),
(76, 6, 'Barangay Barangka'),
(77, 6, 'Barangay Calumpang'),
(78, 6, 'Barangay Concepcion Uno'),
(79, 6, 'Barangay Concepcion Dos'),
(80, 6, 'Barangay Industrial Valley'),
(81, 6, 'Barangay Jesus dela Peña'),
(82, 6, 'Barangay Malanday'),
(83, 6, 'Barangay Marikina Heights'),
(84, 6, 'Barangay Nangka'),
(85, 6, 'Barangay Parang'),
(86, 6, 'Barangay San Roque'),
(87, 6, 'Barangay Santa Elena'),
(88, 6, 'Barangay Santo Niño'),
(89, 6, 'Barangay Tañong'),
(90, 6, 'Barangay Tumana'),
(91, 7, 'Barangay Baclaran'),
(92, 7, 'Barangay BF Homes'),
(93, 7, 'Barangay Don Bosco'),
(94, 7, 'Barangay Don Galo'),
(95, 7, 'Barangay La Huerta'),
(96, 7, 'Barangay Marcelo Green'),
(97, 7, 'Barangay Merville'),
(98, 7, 'Barangay Moonwalk'),
(99, 7, 'Barangay San Dionisio'),
(100, 7, 'Barangay San Isidro'),
(101, 7, 'Barangay San Martin de Porres'),
(102, 7, 'Barangay Santo Niño'),
(103, 7, 'Barangay Tambo'),
(104, 7, 'Barangay Vitalez'),
(105, 7, 'Barangay Sun Valley'),
(106, 8, 'Barangay Almanza Uno'),
(107, 8, 'Barangay Almanza Dos'),
(108, 8, 'Barangay BF Resort'),
(109, 8, 'Barangay CAA-BF International'),
(110, 8, 'Barangay Daniel Fajardo'),
(111, 8, 'Barangay Elias Aldana'),
(112, 8, 'Barangay Ilaya'),
(113, 8, 'Barangay Manuyo Uno'),
(114, 8, 'Barangay Manuyo Dos'),
(115, 8, 'Barangay Pamplona Uno'),
(116, 8, 'Barangay Pamplona Dos'),
(117, 8, 'Barangay Pamplona Tres'),
(118, 8, 'Barangay Pilar'),
(119, 8, 'Barangay Pulang Lupa Uno'),
(120, 8, 'Barangay Talon Dos'),
(121, 9, 'Barangay Addition Hills'),
(122, 9, 'Barangay Bagong Silang'),
(123, 9, 'Barangay Barangka Ilaya'),
(124, 9, 'Barangay Buayang Bato'),
(125, 9, 'Barangay Burol'),
(126, 9, 'Barangay Daang Bakal'),
(127, 9, 'Barangay Hagdang Bato Itaas'),
(128, 9, 'Barangay Hagdang Bato Libis'),
(129, 9, 'Barangay Mauway'),
(130, 9, 'Barangay Namayan'),
(131, 9, 'Barangay New Zañiga'),
(132, 9, 'Barangay Old Zañiga'),
(133, 9, 'Barangay Pag-asa'),
(134, 9, 'Barangay Plainview'),
(135, 9, 'Barangay Pleasant Hills'),
(136, 10, 'Barangay Bagong Silang'),
(137, 10, 'Barangay Camarin'),
(138, 10, 'Barangay Deparo'),
(139, 10, 'Barangay Grace Park East'),
(140, 10, 'Barangay Grace Park West'),
(141, 10, 'Barangay Katipunan I'),
(142, 10, 'Barangay Llano'),
(143, 10, 'Barangay Maypajo'),
(144, 10, 'Barangay Monumento'),
(145, 10, 'Barangay Pariancillo Villa'),
(146, 10, 'Barangay San Jose'),
(147, 10, 'Barangay San Roque'),
(148, 10, 'Barangay Sangandaan'),
(149, 10, 'Barangay Tala'),
(150, 10, 'Barangay Tonsuya'),
(151, 11, 'Barangay Adlaon'),
(152, 11, 'Barangay Agsungot'),
(153, 11, 'Barangay Apas'),
(154, 11, 'Barangay Babag'),
(155, 11, 'Barangay Banilad'),
(156, 11, 'Barangay Basak Pardo'),
(157, 11, 'Barangay Capitol Site'),
(158, 11, 'Barangay Guadalupe'),
(159, 11, 'Barangay Lahug'),
(160, 11, 'Barangay Mabolo'),
(161, 11, 'Barangay Sambag I'),
(162, 11, 'Barangay Sambag II'),
(163, 11, 'Barangay Talamban'),
(164, 11, 'Barangay Tisa'),
(165, 11, 'Barangay T. Padilla'),
(166, 12, 'Barangay Alang-Alang'),
(167, 12, 'Barangay Bakilid'),
(168, 12, 'Barangay Bankal'),
(169, 12, 'Barangay Basak'),
(170, 12, 'Barangay Cabancalan'),
(171, 12, 'Barangay Cambaro'),
(172, 12, 'Barangay Canduman'),
(173, 12, 'Barangay Casili'),
(174, 12, 'Barangay Casuntingan'),
(175, 12, 'Barangay Centro'),
(176, 12, 'Barangay Cubacub'),
(177, 12, 'Barangay Guizo'),
(178, 12, 'Barangay Ibabao-Estancia'),
(179, 12, 'Barangay Jagobiao'),
(180, 12, 'Barangay Labogon'),
(181, 13, 'Barangay Agus'),
(182, 13, 'Barangay Babag'),
(183, 13, 'Barangay Bankal'),
(184, 13, 'Barangay Basak'),
(185, 13, 'Barangay Buaya'),
(186, 13, 'Barangay Calawisan'),
(187, 13, 'Barangay Canjulao'),
(188, 13, 'Barangay Caubian'),
(189, 13, 'Barangay Caw-oy'),
(190, 13, 'Barangay Looc'),
(191, 13, 'Barangay Mactan'),
(192, 13, 'Barangay Maribago'),
(193, 13, 'Barangay Marigondon'),
(194, 13, 'Barangay Pajo'),
(195, 13, 'Barangay Poblacion'),
(196, 21, 'Barangay Agdao'),
(197, 21, 'Barangay Bajada'),
(198, 21, 'Barangay Bankerohan'),
(199, 21, 'Barangay Buhangin'),
(200, 21, 'Barangay Bunawan'),
(201, 21, 'Barangay Calinan'),
(202, 21, 'Barangay Lanang'),
(203, 21, 'Barangay Ma-a'),
(204, 21, 'Barangay Matina Aplaya'),
(205, 21, 'Barangay Mintal'),
(206, 21, 'Barangay Paquibato'),
(207, 21, 'Barangay Puan'),
(208, 21, 'Barangay Sasa'),
(209, 21, 'Barangay Talomo'),
(210, 21, 'Barangay Toril'),
(211, 22, 'Barangay Aplaya'),
(212, 22, 'Barangay Balabag'),
(213, 22, 'Barangay Binaton'),
(214, 22, 'Barangay Cogon'),
(215, 22, 'Barangay Colorado'),
(216, 22, 'Barangay Dawis'),
(217, 22, 'Barangay Dulangan'),
(218, 22, 'Barangay Goma'),
(219, 22, 'Barangay Igpit'),
(220, 22, 'Barangay Kapatagan'),
(221, 22, 'Barangay Kiagot'),
(222, 22, 'Barangay Lungag'),
(223, 22, 'Barangay Mahayahay'),
(224, 22, 'Barangay Matti'),
(225, 22, 'Barangay Ruparan'),
(226, 31, 'Barangay Aplaya'),
(227, 31, 'Barangay Balibago'),
(228, 31, 'Barangay Caingin'),
(229, 31, 'Barangay Dila'),
(230, 31, 'Barangay Dita'),
(231, 31, 'Barangay Don Jose'),
(232, 31, 'Barangay Ibaba'),
(233, 31, 'Barangay Kanluran'),
(234, 31, 'Barangay Labas'),
(235, 31, 'Barangay Macabling'),
(236, 31, 'Barangay Malitlit'),
(237, 31, 'Barangay Malusak'),
(238, 31, 'Barangay Market Area'),
(239, 31, 'Barangay Polong'),
(240, 31, 'Barangay Tagapo'),
(241, 33, 'Barangay Bagong Kalsada'),
(242, 33, 'Barangay Batino'),
(243, 33, 'Barangay Burol Main'),
(244, 33, 'Barangay Halang'),
(245, 33, 'Barangay Laguerta'),
(246, 33, 'Barangay Lalakay'),
(247, 33, 'Barangay Maahas'),
(248, 33, 'Barangay Makiling'),
(249, 33, 'Barangay Mapagmahal'),
(250, 33, 'Barangay Parian'),
(251, 33, 'Barangay Palo-Alto'),
(252, 33, 'Barangay Real'),
(253, 33, 'Barangay San Cristobal'),
(254, 33, 'Barangay Turbina'),
(255, 33, 'Barangay Uno'),
(256, 41, 'Barangay Anilao'),
(257, 41, 'Barangay Atlag'),
(258, 41, 'Barangay Babatnin'),
(259, 41, 'Barangay Bagna'),
(260, 41, 'Barangay Bagong Bayan'),
(261, 41, 'Barangay Balayong'),
(262, 41, 'Barangay Balite'),
(263, 41, 'Barangay Bangkal'),
(264, 41, 'Barangay Bulihan'),
(265, 41, 'Barangay Caingin'),
(266, 41, 'Barangay Calero'),
(267, 41, 'Barangay Caliligawan'),
(268, 41, 'Barangay Catmon'),
(269, 41, 'Barangay Cofradia'),
(270, 41, 'Barangay Dakila'),
(271, 42, 'Barangay Bagbaguin'),
(272, 42, 'Barangay Bahay Pare'),
(273, 42, 'Barangay Bangkal'),
(274, 42, 'Barangay Banga'),
(275, 42, 'Barangay Bayugo'),
(276, 42, 'Barangay Caingin'),
(277, 42, 'Barangay Calvario'),
(278, 42, 'Barangay Camalig'),
(279, 42, 'Barangay Gasak'),
(280, 42, 'Barangay Hulo'),
(281, 42, 'Barangay Iba'),
(282, 42, 'Barangay Langka'),
(283, 42, 'Barangay Lawa'),
(284, 42, 'Barangay Libtong'),
(285, 42, 'Barangay Loma de Gato'),
(286, 51, 'Barangay Anunas'),
(287, 51, 'Barangay Balibago'),
(288, 51, 'Barangay Capaya'),
(289, 51, 'Barangay Claro M. Recto'),
(290, 51, 'Barangay Cuayan'),
(291, 51, 'Barangay Cutcut'),
(292, 51, 'Barangay Lourdes Northwest'),
(293, 51, 'Barangay Lourdes Sur'),
(294, 51, 'Barangay Mining'),
(295, 51, 'Barangay Ninoy Aquino'),
(296, 51, 'Barangay Pampang'),
(297, 51, 'Barangay Pandan'),
(298, 51, 'Barangay Pulung Cacutud'),
(299, 51, 'Barangay Salapungan'),
(300, 51, 'Barangay Tabun'),
(301, 52, 'Barangay Alasas'),
(302, 52, 'Barangay Baliti'),
(303, 52, 'Barangay Bulaon'),
(304, 52, 'Barangay Calulut'),
(305, 52, 'Barangay Del Carmen'),
(306, 52, 'Barangay Del Pilar'),
(307, 52, 'Barangay Del Rosario'),
(308, 52, 'Barangay Dela Paz Norte'),
(309, 52, 'Barangay Dela Paz Sur'),
(310, 52, 'Barangay Dolores'),
(311, 52, 'Barangay Juliana'),
(312, 52, 'Barangay Lara'),
(313, 52, 'Barangay Maimpis'),
(314, 52, 'Barangay Malino'),
(315, 52, 'Barangay Maliwalu'),
(316, 61, 'Barangay Alangilan'),
(317, 61, 'Barangay Balagtas'),
(318, 61, 'Barangay Bolbok'),
(319, 61, 'Barangay Cuta'),
(320, 61, 'Barangay Dalig'),
(321, 61, 'Barangay Dela Paz Proper'),
(322, 61, 'Barangay Gulod Labac'),
(323, 61, 'Barangay Gulod Itaas'),
(324, 61, 'Barangay Kumintang Ibaba'),
(325, 61, 'Barangay Libjo'),
(326, 61, 'Barangay Malitam'),
(327, 61, 'Barangay Pagkilatan'),
(328, 61, 'Barangay San Isidro'),
(329, 61, 'Barangay Talumpok Kanluran'),
(330, 61, 'Barangay Wawa'),
(331, 62, 'Barangay Anilao'),
(332, 62, 'Barangay Antipolo del Norte'),
(333, 62, 'Barangay Antipolo del Sur'),
(334, 62, 'Barangay Bagong Pook'),
(335, 62, 'Barangay Balintawak'),
(336, 62, 'Barangay Banaybanay'),
(337, 62, 'Barangay Bañadero'),
(338, 62, 'Barangay Bulacnin'),
(339, 62, 'Barangay Bulaklak'),
(340, 62, 'Barangay Cumba'),
(341, 62, 'Barangay Dagatan'),
(342, 62, 'Barangay Duhatan'),
(343, 62, 'Barangay Halang'),
(344, 62, 'Barangay Inosloban'),
(345, 62, 'Barangay Kayumanggi'),
(346, 71, 'Barangay Bagong Nayon'),
(347, 71, 'Barangay Beverly Hills'),
(348, 71, 'Barangay Calawis'),
(349, 71, 'Barangay Cupang'),
(350, 71, 'Barangay Dalig'),
(351, 71, 'Barangay Dela Paz'),
(352, 71, 'Barangay Inarawan'),
(353, 71, 'Barangay Mambugan'),
(354, 71, 'Barangay Mayamot'),
(355, 71, 'Barangay Munting Dilaw'),
(356, 71, 'Barangay San Isidro'),
(357, 71, 'Barangay San Jose'),
(358, 71, 'Barangay San Juan'),
(359, 71, 'Barangay San Luis'),
(360, 71, 'Barangay San Roque'),
(361, 72, 'Barangay Sto. Domingo'),
(362, 72, 'Barangay San Andres'),
(363, 72, 'Barangay San Juan'),
(364, 72, 'Barangay San Roque'),
(365, 72, 'Barangay Santa Rosa'),
(366, 72, 'Barangay Tubigan'),
(367, 72, 'Barangay Batingan'),
(368, 72, 'Barangay Karangalan Village'),
(369, 72, 'Barangay Dela Paz'),
(370, 72, 'Barangay Rizal'),
(371, 81, 'Barangay Alima'),
(372, 81, 'Barangay Aniban I'),
(373, 81, 'Barangay Aniban II'),
(374, 81, 'Barangay Banalo'),
(375, 81, 'Barangay Bayanan'),
(376, 81, 'Barangay Campo Santo'),
(377, 81, 'Barangay Digman'),
(378, 81, 'Barangay Dulong Bayan'),
(379, 81, 'Barangay Habay I'),
(380, 81, 'Barangay Habay II'),
(381, 81, 'Barangay Kaingin'),
(382, 81, 'Barangay Ligas I'),
(383, 81, 'Barangay Mambog I'),
(384, 81, 'Barangay Molino I'),
(385, 81, 'Barangay Niog I'),
(386, 85, 'Barangay Alapan I-A'),
(387, 85, 'Barangay Anabu I-A'),
(388, 85, 'Barangay Bagong Nayong Pilipino'),
(389, 85, 'Barangay Bayan Luma I'),
(390, 85, 'Barangay Buenavista I'),
(391, 85, 'Barangay Carsadang Bago I'),
(392, 85, 'Barangay Estanzuela'),
(393, 85, 'Barangay Malagasang I-A'),
(394, 85, 'Barangay Medicion I-A'),
(395, 85, 'Barangay Palico I'),
(396, 85, 'Barangay Pasong Buaya I'),
(397, 85, 'Barangay Poblacion I-A'),
(398, 85, 'Barangay Tanzang Luma I'),
(399, 85, 'Barangay Toclong I-A'),
(400, 85, 'Barangay Tropang Sasahan'),
(401, 91, 'Barangay Agot'),
(402, 91, 'Barangay Aguinaldo'),
(403, 91, 'Barangay Bagumbayan Sur'),
(404, 91, 'Barangay Balabag'),
(405, 91, 'Barangay Bolilao'),
(406, 91, 'Barangay Bonifacio'),
(407, 91, 'Barangay Buntatala'),
(408, 91, 'Barangay Dungon A'),
(409, 91, 'Barangay Dungon B'),
(410, 91, 'Barangay Hipodromo'),
(411, 91, 'Barangay Lapuz Norte'),
(412, 91, 'Barangay Lapuz Sur'),
(413, 91, 'Barangay Mansaya Lapuz'),
(414, 91, 'Barangay Poblacion Molo'),
(415, 91, 'Barangay Taal'),
(416, 2, 'Alicia'),
(417, 2, 'Amihan'),
(418, 2, 'Andres Bonifacio'),
(419, 2, 'Apolonio Samson'),
(420, 2, 'Baesa'),
(421, 2, 'Bagbag'),
(422, 2, 'Bagong Lipunan ng Crame'),
(423, 2, 'Bagong Pag-asa'),
(424, 2, 'Bagong Silangan'),
(425, 2, 'Balingasa'),
(426, 2, 'Balong Bato'),
(427, 2, 'Bayanihan'),
(428, 2, 'Blue Ridge A'),
(429, 2, 'Blue Ridge B'),
(430, 2, 'Botocan'),
(431, 2, 'Bungad'),
(432, 2, 'Camp Aguinaldo'),
(433, 2, 'Capri'),
(434, 2, 'Central'),
(435, 2, 'Claro'),
(436, 2, 'Damar'),
(437, 2, 'Damayan'),
(438, 2, 'Doña Aurora'),
(439, 2, 'Doña Faustina'),
(440, 2, 'Doña Imelda'),
(441, 2, 'Doña Josefa'),
(442, 2, 'Don Manuel'),
(443, 2, 'East Kamias'),
(444, 2, 'Escopa I'),
(445, 2, 'Escopa II'),
(446, 2, 'Escopa III'),
(447, 2, 'Escopa IV'),
(448, 2, 'E. Rodriguez'),
(449, 2, 'Greater Lagro'),
(450, 2, 'Gulod'),
(451, 2, 'Horseshoe'),
(452, 2, 'Immaculate Conception'),
(453, 2, 'Kaligayahan'),
(454, 2, 'Kalusugan'),
(455, 2, 'Kamias'),
(456, 2, 'Kaunlaran'),
(457, 2, 'Krus na Ligas'),
(458, 2, 'Laging Handa'),
(459, 2, 'Libis'),
(460, 2, 'Maharlika'),
(461, 2, 'Malaya'),
(462, 2, 'Mangga'),
(463, 2, 'Mariblo'),
(464, 2, 'Marilag'),
(465, 2, 'Masambong'),
(466, 2, 'Matandang Balara'),
(467, 2, 'Milagrosa'),
(468, 2, 'Nagkaisang Nayon'),
(469, 2, 'Nayong Kanluran'),
(470, 2, 'New Era'),
(471, 2, 'North Fairview'),
(472, 2, 'Obrero'),
(473, 2, 'Old Capitol Site'),
(474, 2, 'Paligsahan'),
(475, 2, 'Paltok'),
(476, 2, 'Payatas'),
(477, 2, 'Phil-Am'),
(478, 2, 'Pinagkaisahan'),
(479, 2, 'Pinyahan'),
(480, 2, 'Project 1'),
(481, 2, 'Project 2'),
(482, 2, 'Project 3'),
(483, 2, 'Project 5'),
(484, 2, 'Project 6'),
(485, 2, 'Quirino 2-A'),
(486, 2, 'Quirino 2-B'),
(487, 2, 'Quirino 2-C'),
(488, 2, 'Quirino 3-A'),
(489, 2, 'Ramon Magsaysay'),
(490, 2, 'Roxas'),
(491, 2, 'Sacred Heart'),
(492, 2, 'Saint Ignatius'),
(493, 2, 'San Agustin'),
(494, 2, 'San Antonio'),
(495, 2, 'San Bartolome'),
(496, 2, 'San Isidro'),
(497, 2, 'San Jose'),
(498, 2, 'San Martin de Porres'),
(499, 2, 'San Roque'),
(500, 2, 'Santa Cruz'),
(501, 2, 'Santa Lucia'),
(502, 2, 'Santa Monica'),
(503, 2, 'Santa Teresita'),
(504, 2, 'Santo Cristo'),
(505, 2, 'Santo Domingo'),
(506, 2, 'Santo Niño'),
(507, 2, 'Santol'),
(508, 2, 'Sauyo'),
(509, 2, 'Sienna'),
(510, 2, 'Silangan'),
(511, 2, 'Socorro'),
(512, 2, 'South Triangle'),
(513, 2, 'Tagumpay'),
(514, 2, 'Talayan'),
(515, 2, 'Teachers Village East'),
(516, 2, 'Teachers Village West'),
(517, 2, 'UP Campus'),
(518, 2, 'UP Village'),
(519, 2, 'Valencia'),
(520, 2, 'Vasra'),
(521, 2, 'Veterans Village'),
(522, 2, 'West Kamias'),
(523, 2, 'West Triangle'),
(524, 2, 'White Plains'),
(525, 3, 'Barangay Cembo'),
(526, 3, 'Barangay Comembo'),
(527, 3, 'Barangay Pinagkaisahan'),
(528, 3, 'Barangay Rizal'),
(529, 3, 'Barangay Singkamas'),
(530, 3, 'Barangay Tejeros'),
(531, 3, 'Barangay Urdaneta'),
(532, 3, 'Barangay Valenzuela'),
(533, 3, 'Barangay Pembo'),
(534, 3, 'Barangay Pitogo'),
(535, 5, 'Barangay Calzada'),
(536, 5, 'Barangay Katuparan'),
(537, 5, 'Barangay Ligid-Tipas'),
(538, 5, 'Barangay New Lower Bicutan'),
(539, 5, 'Barangay North Daang Hari'),
(540, 5, 'Barangay South Daang Hari'),
(541, 5, 'Barangay Wawa'),
(542, 5, 'Barangay Pinagsama'),
(543, 5, 'Barangay Signal Village'),
(544, 5, 'Barangay Sta. Ana'),
(545, 7, 'Barangay Sto. Niño'),
(546, 7, 'Barangay San Dionisio'),
(547, 7, 'Barangay Moonwalk'),
(548, 7, 'Barangay Merville'),
(549, 7, 'Barangay Marcelo Green'),
(550, 8, 'Barangay Talon Tres'),
(551, 8, 'Barangay Talon Kuatro'),
(552, 8, 'Barangay Talon Singko'),
(553, 8, 'Barangay Pulang Lupa Dos'),
(554, 8, 'Barangay Zapote'),
(555, 9, 'Barangay Barangka Drive'),
(556, 9, 'Barangay Hulo'),
(557, 9, 'Barangay Wack-Wack Greenhills'),
(558, 9, 'Barangay Vergara'),
(559, 9, 'Barangay Mauwab'),
(560, 10, 'Barangay 1'),
(561, 10, 'Barangay 2'),
(562, 10, 'Barangay 3'),
(563, 10, 'Barangay 10'),
(564, 10, 'Barangay 12'),
(565, 10, 'Barangay 19'),
(566, 10, 'Barangay 20'),
(567, 10, 'Barangay 21'),
(568, 10, 'Barangay 22'),
(569, 10, 'Barangay 23'),
(570, 10, 'Barangay 24'),
(571, 10, 'Barangay 25'),
(572, 10, 'Barangay 26'),
(573, 10, 'Barangay 27'),
(574, 10, 'Barangay 28'),
(575, 14, 'Barangay Biasong'),
(576, 14, 'Barangay Bulacao'),
(577, 14, 'Barangay Cadulawan'),
(578, 14, 'Barangay Campo'),
(579, 14, 'Barangay Cansojong'),
(580, 14, 'Barangay Dumlog'),
(581, 14, 'Barangay Jaclupan'),
(582, 14, 'Barangay Lagtang'),
(583, 14, 'Barangay Lawaan I'),
(584, 14, 'Barangay Lawaan II'),
(585, 14, 'Barangay Lawaan III'),
(586, 14, 'Barangay Linao'),
(587, 14, 'Barangay Maghaway'),
(588, 14, 'Barangay Manipis'),
(589, 14, 'Barangay Mohon'),
(590, 14, 'Barangay Poblacion'),
(591, 14, 'Barangay Pooc'),
(592, 14, 'Barangay San Isidro'),
(593, 14, 'Barangay San Roque'),
(594, 14, 'Barangay Tabunok'),
(595, 15, 'Barangay Alfaco'),
(596, 15, 'Barangay Bairan'),
(597, 15, 'Barangay Balirong'),
(598, 15, 'Barangay Cabungahan'),
(599, 15, 'Barangay Cantao-an'),
(600, 15, 'Barangay Central Poblacion'),
(601, 15, 'Barangay East Poblacion'),
(602, 15, 'Barangay Inoburan'),
(603, 15, 'Barangay Inayagan'),
(604, 15, 'Barangay Jaguimit'),
(605, 15, 'Barangay Lanas'),
(606, 15, 'Barangay Langtad'),
(607, 15, 'Barangay Lutopan'),
(608, 15, 'Barangay Mainit'),
(609, 15, 'Barangay Mayana'),
(610, 15, 'Barangay Naalad'),
(611, 15, 'Barangay North Poblacion'),
(612, 15, 'Barangay Pangdan'),
(613, 15, 'Barangay Patag'),
(614, 15, 'Barangay South Poblacion'),
(615, 15, 'Barangay Tagjaguimit'),
(616, 15, 'Barangay Tangke'),
(617, 15, 'Barangay Tinaan'),
(618, 15, 'Barangay Tuyan'),
(619, 15, 'Barangay Uling'),
(620, 15, 'Barangay West Poblacion'),
(621, 16, 'Barangay Baliang'),
(622, 16, 'Barangay Bayabas'),
(623, 16, 'Barangay Binaliw'),
(624, 16, 'Barangay Cabungahan'),
(625, 16, 'Barangay Cagat-Lamac'),
(626, 16, 'Barangay Cahumayan'),
(627, 16, 'Barangay Cambanay'),
(628, 16, 'Barangay Cambonggan'),
(629, 16, 'Barangay Can-omboy'),
(630, 16, 'Barangay Dawis'),
(631, 16, 'Barangay Duyan'),
(632, 16, 'Barangay Guinacot'),
(633, 16, 'Barangay Guinsay'),
(634, 16, 'Barangay Ibo'),
(635, 16, 'Barangay Langosig'),
(636, 16, 'Barangay Lawaan'),
(637, 16, 'Barangay Licos'),
(638, 16, 'Barangay Looc'),
(639, 16, 'Barangay Lugo'),
(640, 16, 'Barangay Poblacion'),
(641, 16, 'Barangay Sabang'),
(642, 16, 'Barangay Sacsac'),
(643, 16, 'Barangay Sandayong Norte'),
(644, 16, 'Barangay Sandayong Sur'),
(645, 16, 'Barangay Santa Rosa'),
(646, 17, 'Barangay Bolinawan'),
(647, 17, 'Barangay Bood'),
(648, 17, 'Barangay Buabua'),
(649, 17, 'Barangay Bulod'),
(650, 17, 'Barangay Can-asujan'),
(651, 17, 'Barangay Guadalupe'),
(652, 17, 'Barangay Liburon'),
(653, 17, 'Barangay Napo'),
(654, 17, 'Barangay Ocana'),
(655, 17, 'Barangay Poblacion I'),
(656, 17, 'Barangay Poblacion II'),
(657, 17, 'Barangay Poblacion III'),
(658, 17, 'Barangay Tuyom'),
(659, 17, 'Barangay Valencia'),
(660, 17, 'Barangay Valladolid'),
(661, 18, 'Barangay Awihao'),
(662, 18, 'Barangay Bagakay'),
(663, 18, 'Barangay Bato'),
(664, 18, 'Barangay Biga'),
(665, 18, 'Barangay Bulongan'),
(666, 18, 'Barangay Cabitoonan'),
(667, 18, 'Barangay Calongcalong'),
(668, 18, 'Barangay Camp 7'),
(669, 18, 'Barangay Camp 8'),
(670, 18, 'Barangay Dumlog'),
(671, 18, 'Barangay Gen. Climaco'),
(672, 18, 'Barangay Ilihan'),
(673, 18, 'Barangay Juan Climaco Sr.'),
(674, 18, 'Barangay Landahan'),
(675, 18, 'Barangay Luray II'),
(676, 18, 'Barangay Magdugo'),
(677, 18, 'Barangay Media Once'),
(678, 18, 'Barangay Poblacion'),
(679, 18, 'Barangay Poog'),
(680, 18, 'Barangay Sangi'),
(681, 18, 'Barangay Santo Niño'),
(682, 18, 'Barangay Tubod'),
(683, 19, 'Barangay Cadulawan'),
(684, 19, 'Barangay Campo'),
(685, 19, 'Barangay Cuanos'),
(686, 19, 'Barangay Guindaruhan'),
(687, 19, 'Barangay Linao'),
(688, 19, 'Barangay Manduang'),
(689, 19, 'Barangay Pakna-an'),
(690, 19, 'Barangay Poblacion'),
(691, 19, 'Barangay Poblacion Ward I'),
(692, 19, 'Barangay Poblacion Ward II'),
(693, 19, 'Barangay Poblacion Ward III'),
(694, 19, 'Barangay Poblacion Ward IV'),
(695, 19, 'Barangay Tungkop'),
(696, 19, 'Barangay Tulay'),
(697, 19, 'Barangay Ward I'),
(698, 20, 'Barangay Cansaga'),
(699, 20, 'Barangay Casili'),
(700, 20, 'Barangay Danglag'),
(701, 20, 'Barangay Garing'),
(702, 20, 'Barangay Jugan'),
(703, 20, 'Barangay Lamac'),
(704, 20, 'Barangay Lanipga'),
(705, 20, 'Barangay Nangka'),
(706, 20, 'Barangay Poblacion Occidental'),
(707, 20, 'Barangay Poblacion Oriental'),
(708, 20, 'Barangay Polog'),
(709, 20, 'Barangay Pulpogan'),
(710, 20, 'Barangay Sacsac'),
(711, 20, 'Barangay Tayud'),
(712, 20, 'Barangay Tilhaong'),
(713, 20, 'Barangay Tolotolo'),
(714, 20, 'Barangay Tugbongan'),
(715, 23, 'Barangay Clib'),
(716, 23, 'Barangay Dolo'),
(717, 23, 'Barangay Hunab'),
(718, 23, 'Barangay Kitayo'),
(719, 23, 'Barangay Lapla'),
(720, 23, 'Barangay Leling'),
(721, 23, 'Barangay Maharlika'),
(722, 23, 'Barangay New Visayas'),
(723, 23, 'Barangay Pontian'),
(724, 23, 'Barangay Popoyon'),
(725, 23, 'Barangay San Isidro'),
(726, 23, 'Barangay San Miguel'),
(727, 23, 'Barangay Sinawilan'),
(728, 23, 'Barangay Tamlangon'),
(729, 23, 'Barangay Zone I Poblacion'),
(730, 24, 'Barangay Balutakay'),
(731, 24, 'Barangay Biao'),
(732, 24, 'Barangay Bonifacio'),
(733, 24, 'Barangay Bulol'),
(734, 24, 'Barangay Clib'),
(735, 24, 'Barangay Culian'),
(736, 24, 'Barangay Domonga'),
(737, 24, 'Barangay Kablacan'),
(738, 24, 'Barangay Kamanga'),
(739, 24, 'Barangay Kibongbong'),
(740, 24, 'Barangay Kimlawis'),
(741, 24, 'Barangay Kinuskusan'),
(742, 24, 'Barangay Mabini'),
(743, 24, 'Barangay Magsaysay'),
(744, 24, 'Barangay Malabang Poblacion'),
(745, 25, 'Barangay Balasinon'),
(746, 25, 'Barangay Datu Danwata'),
(747, 25, 'Barangay Datu Mampao'),
(748, 25, 'Barangay Kidama'),
(749, 25, 'Barangay Kisawa'),
(750, 25, 'Barangay Libertad'),
(751, 25, 'Barangay Linao'),
(752, 25, 'Barangay Luban'),
(753, 25, 'Barangay Maibo'),
(754, 25, 'Barangay Malawanit'),
(755, 25, 'Barangay Nuing'),
(756, 25, 'Barangay Paliao'),
(757, 25, 'Barangay Poblacion'),
(758, 25, 'Barangay Santo Niño'),
(759, 25, 'Barangay Tagansule'),
(760, 26, 'Barangay Balabag'),
(761, 26, 'Barangay Baybay'),
(762, 26, 'Barangay Culaman'),
(763, 26, 'Barangay Jose Rizal'),
(764, 26, 'Barangay Kiblagon'),
(765, 26, 'Barangay Lapla'),
(766, 26, 'Barangay Mabini'),
(767, 26, 'Barangay New Baclayon'),
(768, 26, 'Barangay Piso'),
(769, 26, 'Barangay Poblacion'),
(770, 26, 'Barangay San Isidro'),
(771, 26, 'Barangay Tagansule'),
(772, 26, 'Barangay Tiguib'),
(773, 26, 'Barangay Upper Landing'),
(774, 26, 'Barangay Wañgo'),
(775, 27, 'Barangay Asbang'),
(776, 27, 'Barangay Asinan'),
(777, 27, 'Barangay Bagumbayan'),
(778, 27, 'Barangay Bangkal'),
(779, 27, 'Barangay Buas'),
(780, 27, 'Barangay Buri'),
(781, 27, 'Barangay Camanchiles'),
(782, 27, 'Barangay Ceboza'),
(783, 27, 'Barangay Colonsabak'),
(784, 27, 'Barangay Daliao'),
(785, 27, 'Barangay Dalumpinas'),
(786, 27, 'Barangay Inawayan'),
(787, 27, 'Barangay Jose Rizal'),
(788, 27, 'Barangay Langa-an'),
(789, 27, 'Barangay Magupising'),
(790, 28, 'Barangay Almendras'),
(791, 28, 'Barangay Balutakay'),
(792, 28, 'Barangay Bayabas'),
(793, 28, 'Barangay Bituagan'),
(794, 28, 'Barangay Blocon'),
(795, 28, 'Barangay Clib'),
(796, 28, 'Barangay Colorado'),
(797, 28, 'Barangay Goma'),
(798, 28, 'Barangay Kapatagan'),
(799, 28, 'Barangay Kiblagon'),
(800, 28, 'Barangay Mabigo'),
(801, 28, 'Barangay Napungas'),
(802, 28, 'Barangay New Baclayon'),
(803, 28, 'Barangay Nituan'),
(804, 28, 'Barangay Poblacion'),
(805, 29, 'Barangay Astorga'),
(806, 29, 'Barangay Balasinon'),
(807, 29, 'Barangay Buenaobra'),
(808, 29, 'Barangay Catigan'),
(809, 29, 'Barangay Crossing Sta. Cruz'),
(810, 29, 'Barangay Dalaguit'),
(811, 29, 'Barangay Datu Balong'),
(812, 29, 'Barangay Inawayan'),
(813, 29, 'Barangay Lawa'),
(814, 29, 'Barangay Linadasan'),
(815, 29, 'Barangay Mabuhay'),
(816, 29, 'Barangay Malabang Colonia'),
(817, 29, 'Barangay Matutungan'),
(818, 29, 'Barangay Nuevo Iloco'),
(819, 29, 'Barangay Poblacion'),
(820, 30, 'Barangay Bacungan'),
(821, 30, 'Barangay Balnate'),
(822, 30, 'Barangay Barangay Bato'),
(823, 30, 'Barangay Bolila'),
(824, 30, 'Barangay Boyugan East'),
(825, 30, 'Barangay Boyugan West'),
(826, 30, 'Barangay Clib'),
(827, 30, 'Barangay Don Sergio Osmeña'),
(828, 30, 'Barangay Hinalaan'),
(829, 30, 'Barangay Leling'),
(830, 30, 'Barangay Malabang Poblacion'),
(831, 30, 'Barangay Palili'),
(832, 30, 'Barangay Pamansalan'),
(833, 30, 'Barangay Pising'),
(834, 30, 'Barangay Tamlangon'),
(835, 32, 'Barangay I'),
(836, 32, 'Barangay II'),
(837, 32, 'Barangay III'),
(838, 32, 'Barangay IV'),
(839, 32, 'Barangay V'),
(840, 32, 'Barangay VI'),
(841, 32, 'Barangay VII'),
(842, 32, 'Barangay Atisan'),
(843, 32, 'Barangay Bagong Bayan'),
(844, 32, 'Barangay Bautista'),
(845, 32, 'Barangay Del Remedio'),
(846, 32, 'Barangay Dolores'),
(847, 32, 'Barangay San Buenaventura'),
(848, 32, 'Barangay San Francisco'),
(849, 32, 'Barangay San Gregorio'),
(850, 32, 'Barangay San Jose'),
(851, 32, 'Barangay San Lucas I'),
(852, 32, 'Barangay San Lucas II'),
(853, 32, 'Barangay San Nicolas'),
(854, 32, 'Barangay Santa Catalina Norte'),
(855, 32, 'Barangay Santa Catalina Sur'),
(856, 32, 'Barangay Santa Cruz'),
(857, 32, 'Barangay Santa Filomena'),
(858, 32, 'Barangay Santiago I'),
(859, 32, 'Barangay Santiago II'),
(860, 32, 'Barangay Santo Angel Norte'),
(861, 32, 'Barangay Santo Angel Sur'),
(862, 32, 'Barangay Santo Cristo Norte'),
(863, 32, 'Barangay Santo Cristo Sur'),
(864, 32, 'Barangay Soledad'),
(865, 34, 'Barangay Biñan'),
(866, 34, 'Barangay Bungahan'),
(867, 34, 'Barangay Canlalay'),
(868, 34, 'Barangay Casile'),
(869, 34, 'Barangay De La Paz'),
(870, 34, 'Barangay Ganado'),
(871, 34, 'Barangay Langkiwa'),
(872, 34, 'Barangay Loma'),
(873, 34, 'Barangay Malaban'),
(874, 34, 'Barangay Malamig'),
(875, 34, 'Barangay Mampalasan'),
(876, 34, 'Barangay Platero'),
(877, 34, 'Barangay Poblacion'),
(878, 34, 'Barangay San Antonio'),
(879, 34, 'Barangay San Francisco'),
(880, 34, 'Barangay San Jose'),
(881, 34, 'Barangay San Vicente'),
(882, 34, 'Barangay Santo Domingo'),
(883, 34, 'Barangay Santo Tomas'),
(884, 34, 'Barangay Soro-Soro'),
(885, 34, 'Barangay Santo Niño'),
(886, 34, 'Barangay Timbao'),
(887, 34, 'Barangay Tubigan'),
(888, 34, 'Barangay Zapote'),
(889, 35, 'Barangay Banay-Banay'),
(890, 35, 'Barangay Banlic'),
(891, 35, 'Barangay Bigaa'),
(892, 35, 'Barangay Butong'),
(893, 35, 'Barangay Casile'),
(894, 35, 'Barangay Diezmo'),
(895, 35, 'Barangay Gulod'),
(896, 35, 'Barangay Mamatid'),
(897, 35, 'Barangay Marinig'),
(898, 35, 'Barangay Niugan'),
(899, 35, 'Barangay Pulo'),
(900, 35, 'Barangay Sala'),
(901, 35, 'Barangay San Isidro'),
(902, 35, 'Barangay Baclaran'),
(903, 35, 'Barangay Pittland'),
(904, 36, 'Barangay Bagong Silang'),
(905, 36, 'Barangay Calendola'),
(906, 36, 'Barangay Chrysanthemum'),
(907, 36, 'Barangay Cuyab'),
(908, 36, 'Barangay Estrella'),
(909, 36, 'Barangay Fatima'),
(910, 36, 'Barangay G.S.I.S.'),
(911, 36, 'Barangay Landayan'),
(912, 36, 'Barangay Langgam'),
(913, 36, 'Barangay Laram'),
(914, 36, 'Barangay Magsaysay'),
(915, 36, 'Barangay Maharlika'),
(916, 36, 'Barangay Narra'),
(917, 36, 'Barangay Nueva'),
(918, 36, 'Barangay Pacita I'),
(919, 36, 'Barangay Pacita II'),
(920, 36, 'Barangay Poblacion'),
(921, 36, 'Barangay Riverside'),
(922, 36, 'Barangay Sampaguita Village'),
(923, 36, 'Barangay San Antonio'),
(924, 36, 'Barangay San Lorenzo Ruiz'),
(925, 36, 'Barangay San Roque'),
(926, 36, 'Barangay San Vicente'),
(927, 36, 'Barangay Santa Cruz'),
(928, 36, 'Barangay United Bayanihan'),
(929, 37, 'Barangay Bagong Silang'),
(930, 37, 'Barangay Bambang'),
(931, 37, 'Barangay Batong Malake'),
(932, 37, 'Barangay Bayog'),
(933, 37, 'Barangay Lalakay'),
(934, 37, 'Barangay Maahas'),
(935, 37, 'Barangay Malinta'),
(936, 37, 'Barangay Mayondon'),
(937, 37, 'Barangay Putho Tuntungin'),
(938, 37, 'Barangay San Antonio'),
(939, 37, 'Barangay Tadlak'),
(940, 37, 'Barangay Timugan'),
(941, 37, 'Barangay Anos'),
(942, 37, 'Barangay Buho'),
(943, 37, 'Barangay Sala'),
(944, 38, 'Barangay Bitin'),
(945, 38, 'Barangay Calo'),
(946, 38, 'Barangay Dila'),
(947, 38, 'Barangay Maitim'),
(948, 38, 'Barangay Masaya'),
(949, 38, 'Barangay Paciano Rizal'),
(950, 38, 'Barangay Palanca'),
(951, 38, 'Barangay Puypuy'),
(952, 38, 'Barangay San Agustin'),
(953, 38, 'Barangay San Antonio'),
(954, 38, 'Barangay San Isidro'),
(955, 38, 'Barangay San Nicolas'),
(956, 38, 'Barangay Tagumpay'),
(957, 38, 'Barangay Tranca'),
(958, 38, 'Barangay Sto. Domingo'),
(959, 39, 'Barangay Balayhangin'),
(960, 39, 'Barangay Bangyas'),
(961, 39, 'Barangay Dayap'),
(962, 39, 'Barangay Hanggan'),
(963, 39, 'Barangay Imok'),
(964, 39, 'Barangay Kanluran'),
(965, 39, 'Barangay Labuin'),
(966, 39, 'Barangay Laguimat'),
(967, 39, 'Barangay Mabacan'),
(968, 39, 'Barangay Mahipon'),
(969, 39, 'Barangay Paagahan'),
(970, 39, 'Barangay Poblacion'),
(971, 39, 'Barangay Pulo'),
(972, 39, 'Barangay San Luis'),
(973, 39, 'Barangay Tubuan'),
(974, 40, 'Barangay Anibong'),
(975, 40, 'Barangay Biñan'),
(976, 40, 'Barangay Buboy'),
(977, 40, 'Barangay Ibaba'),
(978, 40, 'Barangay Ilaya'),
(979, 40, 'Barangay Layugan'),
(980, 40, 'Barangay Longos'),
(981, 40, 'Barangay Mabato'),
(982, 40, 'Barangay Magdapio'),
(983, 40, 'Barangay Sampaloc'),
(984, 40, 'Barangay San Marcos'),
(985, 40, 'Barangay Sibag'),
(986, 40, 'Barangay Silangan'),
(987, 40, 'Barangay Tambakan'),
(988, 40, 'Barangay Turo'),
(989, 43, 'Barangay Assumption'),
(990, 43, 'Barangay Bagong Buhay I'),
(991, 43, 'Barangay Bagong Buhay II'),
(992, 43, 'Barangay Bagong Buhay III'),
(993, 43, 'Barangay Citrus'),
(994, 43, 'Barangay Ciudad Real'),
(995, 43, 'Barangay Dulong Bayan I'),
(996, 43, 'Barangay Dulong Bayan II'),
(997, 43, 'Barangay Fatima I'),
(998, 43, 'Barangay Fatima II'),
(999, 43, 'Barangay Fatima III'),
(1000, 43, 'Barangay Fatima IV'),
(1001, 43, 'Barangay Francisco Homes-Guijo'),
(1002, 43, 'Barangay Francisco Homes-Mulawin'),
(1003, 43, 'Barangay Francisco Homes-Narra'),
(1004, 43, 'Barangay Francisco Homes-Yakal'),
(1005, 43, 'Barangay Gaya-Gaya'),
(1006, 43, 'Barangay Graceville'),
(1007, 43, 'Barangay Gumaoc Central'),
(1008, 43, 'Barangay Gumaoc East'),
(1009, 43, 'Barangay Gumaoc West'),
(1010, 43, 'Barangay Kaybanban'),
(1011, 43, 'Barangay Kaypian'),
(1012, 43, 'Barangay Lawang Pari'),
(1013, 43, 'Barangay Maharlika'),
(1014, 43, 'Barangay Minuyan I'),
(1015, 43, 'Barangay Minuyan II'),
(1016, 43, 'Barangay Minuyan III'),
(1017, 43, 'Barangay Minuyan IV'),
(1018, 43, 'Barangay Minuyan Proper'),
(1019, 43, 'Barangay Mulawin'),
(1020, 43, 'Barangay Paradise III'),
(1021, 43, 'Barangay Poblacion I'),
(1022, 43, 'Barangay Poblacion II'),
(1023, 43, 'Barangay San Isidro I'),
(1024, 43, 'Barangay San Isidro II'),
(1025, 43, 'Barangay San Manuel'),
(1026, 43, 'Barangay San Martin I'),
(1027, 43, 'Barangay San Martin II'),
(1028, 43, 'Barangay San Rafael I'),
(1029, 43, 'Barangay San Rafael II'),
(1030, 43, 'Barangay San Rafael III'),
(1031, 43, 'Barangay San Rafael IV'),
(1032, 43, 'Barangay Sapang Palay Proper'),
(1033, 43, 'Barangay St. Martin de Porres'),
(1034, 43, 'Barangay Tungkong Mangga'),
(1035, 44, 'Barangay Borol 1st'),
(1036, 44, 'Barangay Borol 2nd'),
(1037, 44, 'Barangay Dalig'),
(1038, 44, 'Barangay Longos'),
(1039, 44, 'Barangay Panginay'),
(1040, 44, 'Barangay Plaridel'),
(1041, 44, 'Barangay Poblacion'),
(1042, 44, 'Barangay San Juan'),
(1043, 44, 'Barangay Santa Barbara'),
(1044, 44, 'Barangay Santissima Trinidad'),
(1045, 44, 'Barangay Santo Cristo'),
(1046, 44, 'Barangay Santo Rosario'),
(1047, 44, 'Barangay Wawa'),
(1048, 45, 'Barangay Binang 1st'),
(1049, 45, 'Barangay Binang 2nd'),
(1050, 45, 'Barangay Bunlo'),
(1051, 45, 'Barangay Caingin'),
(1052, 45, 'Barangay Capihan'),
(1053, 45, 'Barangay Dalanan'),
(1054, 45, 'Barangay Duhat'),
(1055, 45, 'Barangay Igulot'),
(1056, 45, 'Barangay Lolomboy'),
(1057, 45, 'Barangay Poblacion'),
(1058, 45, 'Barangay Sulucan'),
(1059, 45, 'Barangay Taal'),
(1060, 45, 'Barangay Wakas'),
(1061, 45, 'Barangay Batia'),
(1062, 45, 'Barangay Bolacan'),
(1063, 46, 'Barangay Bambang'),
(1064, 46, 'Barangay Bagumbayan'),
(1065, 46, 'Barangay Balubad'),
(1066, 46, 'Barangay Matungao'),
(1067, 46, 'Barangay Maysantol'),
(1068, 46, 'Barangay Perez'),
(1069, 46, 'Barangay Pitpitan'),
(1070, 46, 'Barangay Poblacion'),
(1071, 46, 'Barangay San Jose'),
(1072, 46, 'Barangay San Nicolas'),
(1073, 46, 'Barangay Santa Ana'),
(1074, 46, 'Barangay Santo Niño'),
(1075, 46, 'Barangay Taliptip'),
(1076, 46, 'Barangay Tibig'),
(1077, 47, 'Barangay Balite'),
(1078, 47, 'Barangay Bancal'),
(1079, 47, 'Barangay Buquig'),
(1080, 47, 'Barangay Calizon'),
(1081, 47, 'Barangay Cansinala'),
(1082, 47, 'Barangay Capt. M. Tolentino'),
(1083, 47, 'Barangay Corazon'),
(1084, 47, 'Barangay Daang Bago'),
(1085, 47, 'Barangay Gatbuca'),
(1086, 47, 'Barangay Gugo'),
(1087, 47, 'Barangay Iba Este'),
(1088, 47, 'Barangay Iba O'),
(1089, 47, 'Barangay Longos'),
(1090, 47, 'Barangay Poblacion'),
(1091, 47, 'Barangay Pungo'),
(1092, 47, 'Barangay San Jose'),
(1093, 47, 'Barangay San Marcos'),
(1094, 48, 'Barangay Binagbag'),
(1095, 48, 'Barangay Dulong Bayan'),
(1096, 48, 'Barangay Ilang-Ilang'),
(1097, 48, 'Barangay Malis'),
(1098, 48, 'Barangay Panginay'),
(1099, 48, 'Barangay Poblacion'),
(1100, 48, 'Barangay Pritil'),
(1101, 48, 'Barangay Pulong Gubat'),
(1102, 48, 'Barangay San Nicolas'),
(1103, 48, 'Barangay Santa Cruz'),
(1104, 48, 'Barangay Santo Cristo'),
(1105, 48, 'Barangay Tabe'),
(1106, 48, 'Barangay Tuktukan'),
(1107, 49, 'Barangay Abangan Norte'),
(1108, 49, 'Barangay Abangan Sur'),
(1109, 49, 'Barangay Ibanatlog'),
(1110, 49, 'Barangay Ibayo Taliptip'),
(1111, 49, 'Barangay Lias'),
(1112, 49, 'Barangay Loma de Gato'),
(1113, 49, 'Barangay Nagbalon'),
(1114, 49, 'Barangay Patubig'),
(1115, 49, 'Barangay Pobacion I'),
(1116, 49, 'Barangay Poblacion II'),
(1117, 49, 'Barangay Saog'),
(1118, 49, 'Barangay Sumapang Bata'),
(1119, 49, 'Barangay Sumapang Matanda'),
(1120, 49, 'Barangay Tañong'),
(1121, 50, 'Barangay Binakayan'),
(1122, 50, 'Barangay Catanghalan'),
(1123, 50, 'Barangay Hulo'),
(1124, 50, 'Barangay Paco'),
(1125, 50, 'Barangay Paliwas'),
(1126, 50, 'Barangay Panghulo'),
(1127, 50, 'Barangay Salambao'),
(1128, 50, 'Barangay San Pascual'),
(1129, 50, 'Barangay Tawiran'),
(1130, 50, 'Barangay Yangco'),
(1131, 53, 'Barangay Atlu-Bola'),
(1132, 53, 'Barangay Bical'),
(1133, 53, 'Barangay Bundagul'),
(1134, 53, 'Barangay Cacutud'),
(1135, 53, 'Barangay Calumpang'),
(1136, 53, 'Barangay Camachiles'),
(1137, 53, 'Barangay Dapdap'),
(1138, 53, 'Barangay Dolores'),
(1139, 53, 'Barangay Dau'),
(1140, 53, 'Barangay Don Joaquin'),
(1141, 53, 'Barangay Duquit'),
(1142, 53, 'Barangay Lakandula'),
(1143, 53, 'Barangay Mabalacat I'),
(1144, 53, 'Barangay Mabalacat II'),
(1145, 53, 'Barangay Maguinao'),
(1146, 53, 'Barangay Mapa'),
(1147, 53, 'Barangay Marcos Village'),
(1148, 53, 'Barangay Mawaque'),
(1149, 53, 'Barangay Paralayunan'),
(1150, 53, 'Barangay Poblacion'),
(1151, 53, 'Barangay San Francisco'),
(1152, 53, 'Barangay San Joaquin'),
(1153, 54, 'Barangay Arenas'),
(1154, 54, 'Barangay Baliti'),
(1155, 54, 'Barangay Batasan'),
(1156, 54, 'Barangay Buensuceso'),
(1157, 54, 'Barangay Candating'),
(1158, 54, 'Barangay Gatiawin'),
(1159, 54, 'Barangay Guemasan'),
(1160, 54, 'Barangay La Paz Turu'),
(1161, 54, 'Barangay Lacmit'),
(1162, 54, 'Barangay Lacquios'),
(1163, 54, 'Barangay Mangga-Cacutud'),
(1164, 54, 'Barangay Mapalad'),
(1165, 54, 'Barangay Matamo'),
(1166, 54, 'Barangay Pampanga'),
(1167, 54, 'Barangay Poblacion'),
(1168, 54, 'Barangay San Agustin Norte'),
(1169, 54, 'Barangay San Agustin Sur'),
(1170, 54, 'Barangay San Antonio'),
(1171, 54, 'Barangay San Juan'),
(1172, 54, 'Barangay San Matias'),
(1173, 54, 'Barangay San Nicolas'),
(1174, 54, 'Barangay Santa Ana'),
(1175, 55, 'Barangay Cabalantian'),
(1176, 55, 'Barangay Cabambangan'),
(1177, 55, 'Barangay Cabetican'),
(1178, 55, 'Barangay Calibutbut'),
(1179, 55, 'Barangay Concepcion'),
(1180, 55, 'Barangay Dolores'),
(1181, 55, 'Barangay Duat'),
(1182, 55, 'Barangay Magliman'),
(1183, 55, 'Barangay Maliwalu'),
(1184, 55, 'Barangay Mesalipit'),
(1185, 55, 'Barangay Parulog'),
(1186, 55, 'Barangay Potrero'),
(1187, 55, 'Barangay San Antonio'),
(1188, 55, 'Barangay San Isidro'),
(1189, 55, 'Barangay San Vicente Ferrer'),
(1190, 55, 'Barangay Santa Barbara'),
(1191, 56, 'Barangay Bahay Pare'),
(1192, 56, 'Barangay Balagtas'),
(1193, 56, 'Barangay Balsik'),
(1194, 56, 'Barangay Bambang'),
(1195, 56, 'Barangay Bangkal'),
(1196, 56, 'Barangay Capiz'),
(1197, 56, 'Barangay Cuayang Bugtong'),
(1198, 56, 'Barangay Dalayap'),
(1199, 56, 'Barangay Dulong Ilog'),
(1200, 56, 'Barangay Gulap'),
(1201, 56, 'Barangay Lanang'),
(1202, 56, 'Barangay Lourdes'),
(1203, 56, 'Barangay Magumbali'),
(1204, 56, 'Barangay Mandasig'),
(1205, 56, 'Barangay Mandili'),
(1206, 56, 'Barangay Mangga'),
(1207, 56, 'Barangay Mapaniqui'),
(1208, 56, 'Barangay Paligui'),
(1209, 56, 'Barangay Pangclara'),
(1210, 56, 'Barangay Poblacion'),
(1211, 57, 'Barangay Anon'),
(1212, 57, 'Barangay Apalit'),
(1213, 57, 'Barangay Basa Air Base'),
(1214, 57, 'Barangay Benedicto'),
(1215, 57, 'Barangay Bodega'),
(1216, 57, 'Barangay Cabangcalan'),
(1217, 57, 'Barangay Calantas'),
(1218, 57, 'Barangay Carmencita'),
(1219, 57, 'Barangay Consuelo'),
(1220, 57, 'Barangay Dampe'),
(1221, 57, 'Barangay Del Carmen'),
(1222, 57, 'Barangay Fortuna'),
(1223, 57, 'Barangay Gutad'),
(1224, 57, 'Barangay Mabical'),
(1225, 57, 'Barangay Maligaya'),
(1226, 57, 'Barangay Nabuclod'),
(1227, 57, 'Barangay Pabanlag'),
(1228, 57, 'Barangay Paguiruan'),
(1229, 57, 'Barangay Poblacion'),
(1230, 57, 'Barangay San Antonio'),
(1231, 58, 'Barangay Ascomo'),
(1232, 58, 'Barangay Bancal'),
(1233, 58, 'Barangay Imas I'),
(1234, 58, 'Barangay Imas II'),
(1235, 58, 'Barangay Maquiapo'),
(1236, 58, 'Barangay Masamat'),
(1237, 58, 'Barangay Natividad'),
(1238, 58, 'Barangay Poblacion'),
(1239, 58, 'Barangay San Agustin'),
(1240, 58, 'Barangay San Antonio'),
(1241, 58, 'Barangay San Isidro'),
(1242, 58, 'Barangay San Juan'),
(1243, 58, 'Barangay San Jose'),
(1244, 58, 'Barangay San Miguel'),
(1245, 58, 'Barangay San Nicolas I'),
(1246, 58, 'Barangay San Pedro'),
(1247, 58, 'Barangay Santa Filomena'),
(1248, 58, 'Barangay Santo Niño'),
(1249, 58, 'Barangay Santo Tomas'),
(1250, 58, 'Barangay San Vicente'),
(1251, 59, 'Barangay Baruya'),
(1252, 59, 'Barangay Batasan Matanda'),
(1253, 59, 'Barangay Calangain'),
(1254, 59, 'Barangay Concepcion'),
(1255, 59, 'Barangay De La Paz'),
(1256, 59, 'Barangay Del Carmen'),
(1257, 59, 'Barangay Lourdes'),
(1258, 59, 'Barangay Prado Siongco'),
(1259, 59, 'Barangay Remedios'),
(1260, 59, 'Barangay San Agustin'),
(1261, 59, 'Barangay San Antonio'),
(1262, 59, 'Barangay San Francisco'),
(1263, 59, 'Barangay San Isidro'),
(1264, 59, 'Barangay San Jose Apunan'),
(1265, 59, 'Barangay San Nicolas 1st'),
(1266, 59, 'Barangay Santa Cruz'),
(1267, 59, 'Barangay Sta. Catalina'),
(1268, 59, 'Barangay Santo Tomas'),
(1269, 59, 'Barangay Saplad David'),
(1270, 59, 'Barangay Taguispis'),
(1271, 60, 'Barangay Acli'),
(1272, 60, 'Barangay Anao'),
(1273, 60, 'Barangay Arayat'),
(1274, 60, 'Barangay Balas'),
(1275, 60, 'Barangay Belen'),
(1276, 60, 'Barangay Brgy. San Lorenzo'),
(1277, 60, 'Barangay Camu'),
(1278, 60, 'Barangay Concepcion'),
(1279, 60, 'Barangay Culiat'),
(1280, 60, 'Barangay Divisoria'),
(1281, 60, 'Barangay Dolores'),
(1282, 60, 'Barangay Eden'),
(1283, 60, 'Barangay Gandus'),
(1284, 60, 'Barangay Lagundi'),
(1285, 60, 'Barangay Laput'),
(1286, 60, 'Barangay Laug'),
(1287, 60, 'Barangay Lazatin'),
(1288, 60, 'Barangay Masamat'),
(1289, 60, 'Barangay Masangsang'),
(1290, 60, 'Barangay Poblacion'),
(1291, 63, 'Barangay Bagbag'),
(1292, 63, 'Barangay Bagumbayan'),
(1293, 63, 'Barangay Balele'),
(1294, 63, 'Barangay Bañadero'),
(1295, 63, 'Barangay Bilog-Bilog'),
(1296, 63, 'Barangay Boot'),
(1297, 63, 'Barangay Cale'),
(1298, 63, 'Barangay Darasa'),
(1299, 63, 'Barangay Luta Norte'),
(1300, 63, 'Barangay Luta Sur'),
(1301, 63, 'Barangay Natatas'),
(1302, 63, 'Barangay Pagaspas'),
(1303, 63, 'Barangay Pantay Matanda'),
(1304, 63, 'Barangay Poblacion Barangay 1'),
(1305, 63, 'Barangay Sala'),
(1306, 63, 'Barangay San Jose'),
(1307, 63, 'Barangay Santa Cruz'),
(1308, 63, 'Barangay Santol'),
(1309, 63, 'Barangay Sulpoc'),
(1310, 63, 'Barangay Talaga'),
(1311, 64, 'Barangay Alitagtag'),
(1312, 64, 'Barangay Banadero'),
(1313, 64, 'Barangay Banjo East'),
(1314, 64, 'Barangay Banjo West'),
(1315, 64, 'Barangay Caloocan'),
(1316, 64, 'Barangay Mabiga'),
(1317, 64, 'Barangay Mabini'),
(1318, 64, 'Barangay Magalang'),
(1319, 64, 'Barangay Palatna'),
(1320, 64, 'Barangay Poblacion'),
(1321, 64, 'Barangay San Agustin'),
(1322, 64, 'Barangay San Francisco'),
(1323, 64, 'Barangay San Pedro I'),
(1324, 64, 'Barangay San Pedro II'),
(1325, 64, 'Barangay San Vicente'),
(1326, 65, 'Barangay Aga'),
(1327, 65, 'Barangay Balaytigui'),
(1328, 65, 'Barangay Banilad'),
(1329, 65, 'Barangay Bilaran'),
(1330, 65, 'Barangay Bucal'),
(1331, 65, 'Barangay Bungahan'),
(1332, 65, 'Barangay Calayo'),
(1333, 65, 'Barangay Catandaan'),
(1334, 65, 'Barangay Cogunan'),
(1335, 65, 'Barangay Dayap'),
(1336, 65, 'Barangay Looc'),
(1337, 65, 'Barangay Maugat East'),
(1338, 65, 'Barangay Maugat West'),
(1339, 65, 'Barangay Natipuan'),
(1340, 65, 'Barangay Poblaion'),
(1341, 65, 'Barangay Reparo'),
(1342, 65, 'Barangay Wawa'),
(1343, 67, 'Barangay Baclaran'),
(1344, 67, 'Barangay Bagong Pook'),
(1345, 67, 'Barangay Caloocan'),
(1346, 67, 'Barangay Canda'),
(1347, 67, 'Barangay Colong-Colong'),
(1348, 67, 'Barangay Mabini'),
(1349, 67, 'Barangay Makina'),
(1350, 67, 'Barangay Palikpikan'),
(1351, 67, 'Barangay Poblacion'),
(1352, 67, 'Barangay San Juan'),
(1353, 67, 'Barangay San Piro'),
(1354, 67, 'Barangay Santa Clara'),
(1355, 67, 'Barangay Talisay'),
(1356, 67, 'Barangay Tanggoy'),
(1357, 67, 'Barangay Zaragoza'),
(1358, 68, 'Barangay Bagong Pook'),
(1359, 68, 'Barangay Bilogo'),
(1360, 68, 'Barangay Bukal'),
(1361, 68, 'Barangay Cahigam'),
(1362, 68, 'Barangay Calansayan'),
(1363, 68, 'Barangay Dela Paz'),
(1364, 68, 'Barangay Gravera'),
(1365, 68, 'Barangay Lipahan'),
(1366, 68, 'Barangay Malindig'),
(1367, 68, 'Barangay Manalupak'),
(1368, 68, 'Barangay Nagsaulay'),
(1369, 68, 'Barangay Palahanan I'),
(1370, 68, 'Barangay Palahanan II'),
(1371, 68, 'Barangay Poblacion'),
(1372, 68, 'Barangay Sampaguita'),
(1373, 69, 'Barangay Bagong Pook'),
(1374, 69, 'Barangay Bukal'),
(1375, 69, 'Barangay Humayingan'),
(1376, 69, 'Barangay Inlagay'),
(1377, 69, 'Barangay Ipil'),
(1378, 69, 'Barangay Poblacion I'),
(1379, 69, 'Barangay Poblacion II'),
(1380, 69, 'Barangay Poblacion III'),
(1381, 69, 'Barangay Sabang'),
(1382, 69, 'Barangay Sangalang'),
(1383, 69, 'Barangay Sinisian'),
(1384, 69, 'Barangay Tabon'),
(1385, 69, 'Barangay Talaibon'),
(1386, 69, 'Barangay Tulo'),
(1387, 69, 'Barangay Tuyo'),
(1388, 70, 'Barangay Abiacao'),
(1389, 70, 'Barangay Bagong Pook'),
(1390, 70, 'Barangay Biga'),
(1391, 70, 'Barangay Bilog-Bilog'),
(1392, 70, 'Barangay Kinalaglagan'),
(1393, 70, 'Barangay Loob'),
(1394, 70, 'Barangay Lumbang'),
(1395, 70, 'Barangay Mahadwas'),
(1396, 70, 'Barangay Malaking Pulo'),
(1397, 70, 'Barangay Manggahan'),
(1398, 70, 'Barangay Nangkaan'),
(1399, 70, 'Barangay Poblacion'),
(1400, 70, 'Barangay San Isidro'),
(1401, 70, 'Barangay Tagbakin'),
(1402, 70, 'Barangay Tulos'),
(1403, 73, 'Barangay Dolores'),
(1404, 73, 'Barangay Muzon'),
(1405, 73, 'Barangay Poblacion'),
(1406, 73, 'Barangay San Isidro'),
(1407, 73, 'Barangay San Juan'),
(1408, 73, 'Barangay Santa Ana'),
(1409, 73, 'Barangay Sta. Clara'),
(1410, 73, 'Barangay Sto. Niño'),
(1411, 73, 'Barangay Wawa'),
(1412, 73, 'Barangay Pagasa'),
(1413, 74, 'Barangay Batingan'),
(1414, 74, 'Barangay Bilibiran'),
(1415, 74, 'Barangay Binitagan'),
(1416, 74, 'Barangay Bombong'),
(1417, 74, 'Barangay Buhangin'),
(1418, 74, 'Barangay Calumpang'),
(1419, 74, 'Barangay Ginoong Sanay'),
(1420, 74, 'Barangay Gulod'),
(1421, 74, 'Barangay Habagatan'),
(1422, 74, 'Barangay Ithan'),
(1423, 74, 'Barangay Janosa'),
(1424, 74, 'Barangay Kalawaan'),
(1425, 74, 'Barangay Kalinawan'),
(1426, 74, 'Barangay Kasile'),
(1427, 74, 'Barangay Libid'),
(1428, 74, 'Barangay Lunsad'),
(1429, 74, 'Barangay Macamot'),
(1430, 74, 'Barangay Mambog'),
(1431, 74, 'Barangay Pag-asa'),
(1432, 74, 'Barangay Poblacion'),
(1433, 75, 'Barangay Bagumbayan'),
(1434, 75, 'Barangay Kalayaan'),
(1435, 75, 'Barangay Mahabang Loma'),
(1436, 75, 'Barangay Mabolo'),
(1437, 75, 'Barangay Poblacion Ibaba'),
(1438, 75, 'Barangay Poblacion Itaas'),
(1439, 75, 'Barangay San Isidro'),
(1440, 75, 'Barangay San Pedro'),
(1441, 75, 'Barangay San Roque'),
(1442, 75, 'Barangay Santo Niño'),
(1443, 76, 'Barangay Balibago'),
(1444, 76, 'Barangay Boor'),
(1445, 76, 'Barangay Calahan'),
(1446, 76, 'Barangay Dalig'),
(1447, 76, 'Barangay Iglesia'),
(1448, 76, 'Barangay Looc'),
(1449, 76, 'Barangay Malanday'),
(1450, 76, 'Barangay Maly'),
(1451, 76, 'Barangay Nagsulo'),
(1452, 76, 'Barangay Navotas'),
(1453, 76, 'Barangay Poblacion'),
(1454, 76, 'Barangay Real'),
(1455, 76, 'Barangay Salapungan'),
(1456, 76, 'Barangay Sinalhan'),
(1457, 76, 'Barangay Sinag'),
(1458, 77, 'Barangay Bombong'),
(1459, 77, 'Barangay Wawa'),
(1460, 77, 'Barangay Poblacion'),
(1461, 77, 'Barangay Caniogan'),
(1462, 77, 'Barangay Pinugay'),
(1463, 77, 'Barangay San Pedro'),
(1464, 77, 'Barangay Lagundi'),
(1465, 77, 'Barangay Calumpang'),
(1466, 77, 'Barangay San Juan'),
(1467, 77, 'Barangay Dalig'),
(1468, 78, 'Barangay Concepcion'),
(1469, 78, 'Barangay Evangelista'),
(1470, 78, 'Barangay Mahahalagang Bato'),
(1471, 78, 'Barangay Minuyan'),
(1472, 78, 'Barangay Poblacion'),
(1473, 78, 'Barangay San Jose'),
(1474, 78, 'Barangay San Juan'),
(1475, 78, 'Barangay San Isidro'),
(1476, 78, 'Barangay Santa Cruz'),
(1477, 78, 'Barangay Santo Cristo'),
(1478, 79, 'Barangay Cuyambay'),
(1479, 79, 'Barangay Daraitan'),
(1480, 79, 'Barangay Katipunan'),
(1481, 79, 'Barangay Kaybuto'),
(1482, 79, 'Barangay Laiban'),
(1483, 79, 'Barangay Mag-Ampon'),
(1484, 79, 'Barangay Mamuyao'),
(1485, 79, 'Barangay Plaza Aldea'),
(1486, 79, 'Barangay Poblacion'),
(1487, 79, 'Barangay Sampaloc'),
(1488, 79, 'Barangay San Andres'),
(1489, 79, 'Barangay Santa Inez'),
(1490, 79, 'Barangay Tabing Ilog'),
(1491, 79, 'Barangay Tandang Kutyo'),
(1492, 79, 'Barangay Wawa'),
(1493, 80, 'Barangay Dalig'),
(1494, 80, 'Barangay Dulumbayan'),
(1495, 80, 'Barangay May-Iba'),
(1496, 80, 'Barangay Poblacion'),
(1497, 80, 'Barangay Pulo'),
(1498, 80, 'Barangay Sta. Cruz'),
(1499, 80, 'Barangay San Gabriel'),
(1500, 80, 'Barangay San Roque'),
(1501, 80, 'Barangay San Vicente'),
(1502, 80, 'Barangay Wawa'),
(1503, 82, 'Barangay Caridad'),
(1504, 82, 'Barangay Dalahican'),
(1505, 82, 'Barangay Domicilio'),
(1506, 82, 'Barangay Karsada'),
(1507, 82, 'Barangay Liba'),
(1508, 82, 'Barangay Magdiwang'),
(1509, 82, 'Barangay Mambog'),
(1510, 82, 'Barangay Pulo'),
(1511, 82, 'Barangay Sahud Ulan'),
(1512, 82, 'Barangay Santulan'),
(1513, 82, 'Barangay Timalan'),
(1514, 82, 'Barangay Wakas'),
(1515, 83, 'Barangay Burol I'),
(1516, 83, 'Barangay Burol II'),
(1517, 83, 'Barangay Burol Main'),
(1518, 83, 'Barangay Datu Esmael'),
(1519, 83, 'Barangay Emmanuel Bergado I'),
(1520, 83, 'Barangay Emmanuel Bergado II'),
(1521, 83, 'Barangay Fatima I'),
(1522, 83, 'Barangay Fatima II'),
(1523, 83, 'Barangay Fatima III'),
(1524, 83, 'Barangay Francisco I'),
(1525, 83, 'Barangay Francisco II'),
(1526, 83, 'Barangay H-2'),
(1527, 83, 'Barangay Langkaan I'),
(1528, 83, 'Barangay Langkaan II'),
(1529, 83, 'Barangay Luzviminda I'),
(1530, 83, 'Barangay Luzviminda II'),
(1531, 83, 'Barangay Maguinao'),
(1532, 83, 'Barangay Paliparan I'),
(1533, 83, 'Barangay Paliparan II'),
(1534, 83, 'Barangay Paliparan III'),
(1535, 83, 'Barangay Poblacion I'),
(1536, 83, 'Barangay Poblacion II'),
(1537, 83, 'Barangay Sabang'),
(1538, 83, 'Barangay Salawag'),
(1539, 83, 'Barangay Salitran I'),
(1540, 83, 'Barangay Salitran II'),
(1541, 83, 'Barangay Salitran III'),
(1542, 83, 'Barangay Sampaloc I'),
(1543, 83, 'Barangay Sampaloc II'),
(1544, 83, 'Barangay San Agustin I'),
(1545, 83, 'Barangay San Agustin II'),
(1546, 83, 'Barangay San Andres I'),
(1547, 83, 'Barangay San Andres II'),
(1548, 83, 'Barangay San Jose'),
(1549, 83, 'Barangay San Miguel I'),
(1550, 83, 'Barangay San Miguel II'),
(1551, 83, 'Barangay Santa Lucia I'),
(1552, 83, 'Barangay Santa Lucia II'),
(1553, 84, 'Barangay Alingaro'),
(1554, 84, 'Barangay Arnaldo Pob'),
(1555, 84, 'Barangay Bacao I'),
(1556, 84, 'Barangay Bacao II'),
(1557, 84, 'Barangay Bagumbayan'),
(1558, 84, 'Barangay Biclatan'),
(1559, 84, 'Barangay Buenavista I'),
(1560, 84, 'Barangay Buenavista II'),
(1561, 84, 'Barangay Buenavista III'),
(1562, 84, 'Barangay Corregidor Pob'),
(1563, 84, 'Barangay Dulong Bayan Pob'),
(1564, 84, 'Barangay Gov. Ferrer Pob'),
(1565, 84, 'Barangay Javalera'),
(1566, 84, 'Barangay Manggahan'),
(1567, 84, 'Barangay Navarro'),
(1568, 84, 'Barangay Ninety Sixth Pob'),
(1569, 84, 'Barangay Panungyanan'),
(1570, 84, 'Barangay Pasong Camachile I'),
(1571, 84, 'Barangay Pasong Camachile II'),
(1572, 84, 'Barangay Pasong Kawayan I'),
(1573, 84, 'Barangay Pasong Kawayan II'),
(1574, 84, 'Barangay Pinagtipunan'),
(1575, 84, 'Barangay Santiago'),
(1576, 84, 'Barangay Tapia'),
(1577, 86, 'Barangay Asisan'),
(1578, 86, 'Barangay Bagong Tubig'),
(1579, 86, 'Barangay Calabuso'),
(1580, 86, 'Barangay Dapdap East'),
(1581, 86, 'Barangay Dapdap West'),
(1582, 86, 'Barangay Guinhawa North'),
(1583, 86, 'Barangay Guinhawa South'),
(1584, 86, 'Barangay Iruhin Central'),
(1585, 86, 'Barangay Iruhin East'),
(1586, 86, 'Barangay Iruhin West'),
(1587, 86, 'Barangay Kaybagal Central'),
(1588, 86, 'Barangay Kaybagal North'),
(1589, 86, 'Barangay Kaybagal South'),
(1590, 86, 'Barangay Maharlika East'),
(1591, 86, 'Barangay Maharlika West'),
(1592, 86, 'Barangay Maitim 2nd Central'),
(1593, 86, 'Barangay Maitim 2nd East'),
(1594, 86, 'Barangay Maitim 2nd West'),
(1595, 86, 'Barangay Mendez Crossing East'),
(1596, 86, 'Barangay Mendez Crossing West'),
(1597, 86, 'Barangay San Jose'),
(1598, 86, 'Barangay Sungay East'),
(1599, 86, 'Barangay Sungay West'),
(1600, 86, 'Barangay Tolentino East'),
(1601, 86, 'Barangay Tolentino West'),
(1602, 87, 'Barangay Aguado Pob'),
(1603, 87, 'Barangay Cabezas Pob'),
(1604, 87, 'Barangay Cabuco'),
(1605, 87, 'Barangay Conchu Pob'),
(1606, 87, 'Barangay De Ocampo Pob'),
(1607, 87, 'Barangay Gregorio Pob'),
(1608, 87, 'Barangay Lapidario Pob'),
(1609, 87, 'Barangay Lallana Pob'),
(1610, 87, 'Barangay Perez Pob'),
(1611, 87, 'Barangay Imelda Pob'),
(1612, 87, 'Barangay Lanzado Pob'),
(1613, 87, 'Barangay Luciano Pob'),
(1614, 87, 'Barangay Osorio Pob'),
(1615, 87, 'Barangay Pulo'),
(1616, 87, 'Barangay Buenavista Pob'),
(1617, 88, 'Barangay Amuyong'),
(1618, 88, 'Barangay Bilog'),
(1619, 88, 'Barangay Buck Estate'),
(1620, 88, 'Barangay Karunungan'),
(1621, 88, 'Barangay Kaysuyo'),
(1622, 88, 'Barangay Luksuhin'),
(1623, 88, 'Barangay Luksuhin Ilaya'),
(1624, 88, 'Barangay Mangas I'),
(1625, 88, 'Barangay Mangas II'),
(1626, 88, 'Barangay Marahan I'),
(1627, 88, 'Barangay Marahan II'),
(1628, 88, 'Barangay Matagbak I'),
(1629, 88, 'Barangay Matagbak II'),
(1630, 88, 'Barangay Pajo'),
(1631, 88, 'Barangay Palumlum'),
(1632, 88, 'Barangay Santa Teresa'),
(1633, 88, 'Barangay Sikat'),
(1634, 89, 'Barangay Banaba'),
(1635, 89, 'Barangay Barangay 1 Pob'),
(1636, 89, 'Barangay Barangay 2 Pob'),
(1637, 89, 'Barangay Barangay 3 Pob'),
(1638, 89, 'Barangay Barangay 4 Pob'),
(1639, 89, 'Barangay Barangay 5 Pob'),
(1640, 89, 'Barangay Barangay 6 Pob');
INSERT INTO `barangays` (`id`, `municipality_id`, `barangay_name`) VALUES
(1641, 89, 'Barangay Barangay 7 Pob'),
(1642, 89, 'Barangay Bucal'),
(1643, 89, 'Barangay Buho'),
(1644, 89, 'Barangay Dagatan'),
(1645, 89, 'Barangay Halang'),
(1646, 89, 'Barangay Loma'),
(1647, 89, 'Barangay Maitim'),
(1648, 89, 'Barangay Maymangga'),
(1649, 89, 'Barangay Minantok Kanluran'),
(1650, 89, 'Barangay Minantok Silangan'),
(1651, 89, 'Barangay Pangil'),
(1652, 89, 'Barangay Pulo'),
(1653, 89, 'Barangay San Juan'),
(1654, 90, 'Barangay Bancal'),
(1655, 90, 'Barangay Cabilang Baybay'),
(1656, 90, 'Barangay Lantic'),
(1657, 90, 'Barangay Mabuhay'),
(1658, 90, 'Barangay Maduya'),
(1659, 90, 'Barangay Milagrosa'),
(1660, 90, 'Barangay Poblacion'),
(1661, 90, 'Barangay Balayong'),
(1662, 90, 'Barangay Gen. Lim'),
(1663, 90, 'Barangay San Roque'),
(1664, 92, 'Barangay Agdahon'),
(1665, 92, 'Barangay Agusipan'),
(1666, 92, 'Barangay Agtabo'),
(1667, 92, 'Barangay Agtambo'),
(1668, 92, 'Barangay Aloje'),
(1669, 92, 'Barangay Amon'),
(1670, 92, 'Barangay Anilawan'),
(1671, 92, 'Barangay Balocon'),
(1672, 92, 'Barangay Bayuco'),
(1673, 92, 'Barangay Biay'),
(1674, 92, 'Barangay Bolo'),
(1675, 92, 'Barangay Cabugao'),
(1676, 92, 'Barangay Capuyhan'),
(1677, 92, 'Barangay Dorog'),
(1678, 92, 'Barangay Poblacion Ilawod'),
(1679, 92, 'Barangay Poblacion Ilaya'),
(1680, 93, 'Barangay Aguinaldo'),
(1681, 93, 'Barangay Bae'),
(1682, 93, 'Barangay Baybay'),
(1683, 93, 'Barangay Bunabunan'),
(1684, 93, 'Barangay Calinog'),
(1685, 93, 'Barangay Caramutan'),
(1686, 93, 'Barangay Central Poblacion'),
(1687, 93, 'Barangay Comfort'),
(1688, 93, 'Barangay East Baluarte'),
(1689, 93, 'Barangay East Nanding Lopez'),
(1690, 93, 'Barangay Libertad'),
(1691, 93, 'Barangay Mainit'),
(1692, 93, 'Barangay Nit-an'),
(1693, 93, 'Barangay North Baluarte'),
(1694, 93, 'Barangay North Fundidor'),
(1695, 94, 'Barangay Aganan'),
(1696, 94, 'Barangay Amparo'),
(1697, 94, 'Barangay Anilawan'),
(1698, 94, 'Barangay Balabag'),
(1699, 94, 'Barangay Cabugao Norte'),
(1700, 94, 'Barangay Cabugao Sur'),
(1701, 94, 'Barangay Jibao-an'),
(1702, 94, 'Barangay Mali-ao'),
(1703, 94, 'Barangay Pagsanga-an'),
(1704, 94, 'Barangay Pal-agon'),
(1705, 94, 'Barangay Pavia Poblacion'),
(1706, 94, 'Barangay Tigum'),
(1707, 94, 'Barangay Ungka I'),
(1708, 94, 'Barangay Ungka II'),
(1709, 94, 'Barangay Yaking'),
(1710, 95, 'Barangay Agusipan'),
(1711, 95, 'Barangay Bagumbayan'),
(1712, 95, 'Barangay Balabag'),
(1713, 95, 'Barangay Bantayan'),
(1714, 95, 'Barangay Bo. Obrero'),
(1715, 95, 'Barangay Burgos-Mabini-Rizal Pob'),
(1716, 95, 'Barangay Cadagmayan Norte'),
(1717, 95, 'Barangay Cadagmayan Sur'),
(1718, 95, 'Barangay Capitolville'),
(1719, 95, 'Barangay Dalid'),
(1720, 95, 'Barangay East Baluarte'),
(1721, 95, 'Barangay East Timawa'),
(1722, 95, 'Barangay Guanko'),
(1723, 95, 'Barangay Intaluan'),
(1724, 95, 'Barangay Isawan'),
(1725, 96, 'Barangay Agcalaga'),
(1726, 96, 'Barangay Aglalana'),
(1727, 96, 'Barangay Agtuman'),
(1728, 96, 'Barangay Alacaygan'),
(1729, 96, 'Barangay Awaon'),
(1730, 96, 'Barangay Ayaman'),
(1731, 96, 'Barangay Bacan'),
(1732, 96, 'Barangay Bacolod'),
(1733, 96, 'Barangay Balabag'),
(1734, 96, 'Barangay Barasalon'),
(1735, 96, 'Barangay Cabatuan Pob'),
(1736, 96, 'Barangay Cadoldolan'),
(1737, 96, 'Barangay Cag-an'),
(1738, 96, 'Barangay Doldol'),
(1739, 96, 'Barangay Espinosa'),
(1740, 97, 'Barangay Agbobolo'),
(1741, 97, 'Barangay Badiangan'),
(1742, 97, 'Barangay Balabag'),
(1743, 97, 'Barangay Batuan'),
(1744, 97, 'Barangay Belen'),
(1745, 97, 'Barangay Bolo'),
(1746, 97, 'Barangay Buyo'),
(1747, 97, 'Barangay Cabalaunan'),
(1748, 97, 'Barangay Cabanbanan'),
(1749, 97, 'Barangay Cadagmayan'),
(1750, 97, 'Barangay Camandag'),
(1751, 97, 'Barangay Canawili'),
(1752, 97, 'Barangay Canawilinan'),
(1753, 97, 'Barangay Cansigar'),
(1754, 97, 'Barangay Mina Poblacion'),
(1755, 98, 'Barangay Daja Norte'),
(1756, 98, 'Barangay Daja Sur'),
(1757, 98, 'Barangay East Baluarte'),
(1758, 98, 'Barangay East Kampo'),
(1759, 98, 'Barangay Gua-an'),
(1760, 98, 'Barangay Guinobatan'),
(1761, 98, 'Barangay Ilawod Ilongo'),
(1762, 98, 'Barangay Iloilo-Capiz Road'),
(1763, 98, 'Barangay Lagpan'),
(1764, 98, 'Barangay Laylayan'),
(1765, 98, 'Barangay Leganes Poblacion'),
(1766, 98, 'Barangay Luanan'),
(1767, 98, 'Barangay Nabitasan'),
(1768, 98, 'Barangay North Baluarte'),
(1769, 98, 'Barangay San Eduardo'),
(1770, 99, 'Barangay Agdayao'),
(1771, 99, 'Barangay Aglalana'),
(1772, 99, 'Barangay Agtabo'),
(1773, 99, 'Barangay Agtambo'),
(1774, 99, 'Barangay Bagongon'),
(1775, 99, 'Barangay Balabag'),
(1776, 99, 'Barangay Bale'),
(1777, 99, 'Barangay Bancal'),
(1778, 99, 'Barangay Buco'),
(1779, 99, 'Barangay Buenavista'),
(1780, 99, 'Barangay Cag-an'),
(1781, 99, 'Barangay Capacuan'),
(1782, 99, 'Barangay Cogon'),
(1783, 99, 'Barangay Dalid'),
(1784, 99, 'Barangay Zarraga Poblacion'),
(1785, 100, 'Barangay Agcarope'),
(1786, 100, 'Barangay Aglobong'),
(1787, 100, 'Barangay Agtabo'),
(1788, 100, 'Barangay Alimodian Poblacion'),
(1789, 100, 'Barangay Banbanon'),
(1790, 100, 'Barangay Binalud'),
(1791, 100, 'Barangay Bita-og Daku'),
(1792, 100, 'Barangay Bita-og Guot'),
(1793, 100, 'Barangay Bobon'),
(1794, 100, 'Barangay Bulad'),
(1795, 100, 'Barangay Bularan'),
(1796, 100, 'Barangay Busay'),
(1797, 100, 'Barangay Cabangcalan'),
(1798, 100, 'Barangay Cabubugan'),
(1799, 100, 'Barangay Cadoldolan');

-- --------------------------------------------------------

--
-- Table structure for table `loan_applications`
--

CREATE TABLE `loan_applications` (
  `id` int(11) NOT NULL,
  `user_id` int(11) DEFAULT NULL,
  `loan_type_id` int(11) DEFAULT NULL,
  `user_email` varchar(255) NOT NULL,
  `loan_terms` varchar(50) DEFAULT NULL,
  `loan_amount` decimal(12,2) DEFAULT NULL,
  `monthly_payment` decimal(10,2) DEFAULT NULL,
  `due_date` date DEFAULT NULL,
  `next_payment_due` date DEFAULT NULL,
  `purpose` text DEFAULT NULL,
  `status` varchar(50) DEFAULT 'Pending',
  `created_at` timestamp NOT NULL DEFAULT current_timestamp()
) ENGINE=InnoDB DEFAULT CHARSET=utf8mb4 COLLATE=utf8mb4_general_ci;

--
-- Dumping data for table `loan_applications`
--

INSERT INTO `loan_applications` (`id`, `user_id`, `loan_type_id`, `user_email`, `loan_terms`, `loan_amount`, `monthly_payment`, `due_date`, `next_payment_due`, `purpose`, `status`, `created_at`) VALUES
(1, 1, 8, 'franciscarpeso@gmail.com', '6 Months', 5000.00, 882.61, '2026-09-15', '2026-04-15', 'test', 'Active', '2026-03-15 04:32:22'),
(2, 3, 8, 'kurtcarpeso02@gmail.com', '6 Months', 5000.00, 882.61, '2026-09-15', NULL, 'test also', 'Closed', '2026-03-15 07:02:48'),
(3, 3, 7, 'kurtcarpeso02@gmail.com', '24 Months', 700000.00, 35627.06, '2028-03-15', NULL, 'test again', 'Closed', '2026-03-15 07:09:26'),
(4, 1, 5, 'franciscarpeso@gmail.com', '6 Months', 5000.00, 882.61, '2026-09-15', '2026-04-15', 'dry test', 'Active', '2026-03-15 07:16:43'),
(5, 3, 1, 'kurtcarpeso02@gmail.com', '6 Months', 5000.00, 882.61, '2026-09-15', '2026-04-15', 'last dry run', 'Active', '2026-03-15 07:54:33'),
(6, 1, 5, 'franciscarpeso@gmail.com', '36 Months', 6000.00, 222.98, '2029-03-15', '2026-04-15', 'last dry run', 'Rejected', '2026-03-15 07:57:42'),
(7, 4, 8, 'joannamariecarpeso@gmail.com', '6 Months', 6000.00, 1059.14, '2026-10-07', NULL, 'Tuition', 'Closed', '2026-04-07 14:51:50'),
(8, 4, 8, 'joannamariecarpeso@gmail.com', '6 Months', 7000.00, 1235.66, '2026-10-09', '2026-05-09', 'Test', 'Rejected', '2026-04-09 03:18:39'),
(9, 1, 8, 'franciscarpeso@gmail.com', '6 Months', 5000.00, 882.61, '2026-10-09', '2026-05-09', 'test', 'Rejected', '2026-04-09 03:36:11'),
(10, 3, 1, 'kurtcarpeso02@gmail.com', '12 Months', 10000.00, 926.35, '2027-04-09', '2026-05-09', 'Test', 'Active', '2026-04-09 04:30:54'),
(11, 3, 8, 'kurtcarpeso02@gmail.com', '6 Months', 5000.00, 882.61, '2026-10-09', '2026-06-09', 'Test', 'Active', '2026-04-09 04:35:41'),
(12, 3, 8, 'kurtcarpeso02@gmail.com', '6 Months', 10000.00, 1765.23, '2026-10-09', '2026-05-09', 'Pre-test', 'Rejected', '2026-04-09 04:40:50'),
(13, 2, 8, 'carpeso0958432@gmail.com', '6 Months', 7000.00, 1235.66, '2026-10-19', NULL, 'Tuition', 'Closed', '2026-04-19 09:39:38'),
(14, 3, 1, 'kurtcarpeso02@gmail.com', '12 Months', 100000.00, 9263.45, '2027-04-20', '2026-05-20', 'Tuition', 'Rejected', '2026-04-20 01:17:49'),
(15, 2, 8, 'carpeso0958432@gmail.com', '6 Months', 7000.00, 1235.66, '2026-10-22', NULL, 'Tuition', 'Closed', '2026-04-22 02:16:36'),
(16, 6, 5, 'ahambinoc92@gmail.com', '36 Months', 1000000.00, 37163.58, '2029-04-22', '2026-05-22', 'Car', 'Rejected', '2026-04-22 02:42:41'),
(17, 4, 4, 'joannamariecarpeso@gmail.com', '6 Months', 6000.00, 1059.14, '2026-10-22', '2026-05-22', 'tuition', 'Active', '2026-04-22 10:43:34'),
(18, 5, 7, 'beringuelajirocordial@gmail.com', '6 Months', 57000.00, 10061.80, '2026-10-22', '2026-07-22', 'Buy washing machine', 'Active', '2026-04-22 12:29:56'),
(19, 2, 4, 'carpeso0958432@gmail.com', '6 Months', 5000.00, 882.61, '2026-10-22', '2026-08-22', 'Tuition', 'Active', '2026-04-22 15:30:25'),
(20, 5, 4, 'beringuelajirocordial@gmail.com', '6 Months', 5000.00, 882.61, '2026-10-23', '2026-05-23', 'Tuition', 'Active', '2026-04-23 06:09:55'),
(21, 33, 13, 'josedelatorre@gmail.com', '6 Months', 5000.00, 882.61, '2026-10-24', NULL, 'Tuition', 'Closed', '2026-04-24 13:04:34'),
(22, 35, 5, 'carlosmendoza@gmail.com', '30 Months', 750000.00, 31972.20, '2028-10-25', '2026-05-25', 'Buy 2nd Hand Toyota Corolla Altis', 'Active', '2026-04-25 02:40:50'),
(23, 33, 4, 'josedelatorre@gmail.com', '12 Months', 8999.97, 833.71, '2027-04-26', '2026-05-26', 'For purposes only', 'Pending', '2026-04-26 02:01:39'),
(24, 2, 1, 'carpeso0958432@gmail.com', '6 Months', 80000.00, 14121.82, '2026-10-26', '2026-05-26', 'Others', 'Active', '2026-04-26 05:15:12'),
(25, 36, 4, 'lizavillanueva@gmail.com', '6 Months', 5000.00, 882.61, '2026-10-26', '2026-06-26', 'Tuition', 'Active', '2026-04-26 06:47:45');

-- --------------------------------------------------------

--
-- Table structure for table `loan_approvals`
--

CREATE TABLE `loan_approvals` (
  `id` int(11) NOT NULL,
  `loan_application_id` int(11) DEFAULT NULL,
  `approved_by` varchar(100) DEFAULT NULL,
  `approved_by_user_id` int(11) DEFAULT NULL,
  `approved_at` datetime DEFAULT NULL
) ENGINE=InnoDB DEFAULT CHARSET=utf8mb4 COLLATE=utf8mb4_general_ci;

--
-- Dumping data for table `loan_approvals`
--

INSERT INTO `loan_approvals` (`id`, `loan_application_id`, `approved_by`, `approved_by_user_id`, `approved_at`) VALUES
(1, 1, 'Kurt Francis Carpeso', 2, '2026-03-15 14:53:43'),
(2, 1, 'Kurt Francis Carpeso', 2, '2026-03-15 14:54:05'),
(3, 1, 'Kurt Francis Carpeso', 2, '2026-03-15 14:55:28'),
(5, 2, 'Kurt Francis Carpeso', 2, '2026-03-15 15:04:29'),
(7, 3, 'Kurt Francis Carpeso', 2, '2026-03-15 15:10:09'),
(9, 4, 'Kurt Francis Carpeso', 2, '2026-03-15 15:17:23'),
(11, 5, 'Kurt Francis Carpeso', 2, '2026-03-15 15:55:29'),
(13, 7, 'KURT FRANCIS OCENAR CARPESO', 3, '2026-04-09 11:15:15'),
(15, 10, 'KURT FRANCIS OCENAR CARPESO', 3, '2026-04-09 12:33:47'),
(17, 11, 'KURT FRANCIS OCENAR CARPESO', 3, '2026-04-09 12:39:23'),
(19, 13, 'KURT FRANCIS OCENAR CARPESO', 3, '2026-04-19 17:47:56'),
(21, 15, 'KURT FRANCIS OCENAR CARPESO', 3, '2026-04-22 10:19:53'),
(23, 17, 'KURT FRANCIS OCENAR CARPESO', 3, '2026-04-22 18:51:21'),
(25, 18, 'KURT FRANCIS OCENAR CARPESO', 3, '2026-04-22 20:35:55'),
(27, 19, 'KURT FRANCIS OCENAR CARPESO', 3, '2026-04-22 23:31:31'),
(29, 20, 'KURT FRANCIS OCENAR CARPESO', 3, '2026-04-23 15:20:39'),
(31, 21, 'Marites Gomez Santiago', 5, '2026-04-24 22:04:59'),
(33, 22, 'Marites Gomez Santiago', 5, '2026-04-25 12:56:24'),
(35, 24, 'KURT FRANCIS OCENAR CARPESO', 3, '2026-04-26 13:17:04'),
(37, 25, 'Marites Gomez Santiago', 5, '2026-04-26 14:53:03');

-- --------------------------------------------------------

--
-- Table structure for table `loan_borrowers`
--

CREATE TABLE `loan_borrowers` (
  `id` int(11) NOT NULL,
  `loan_application_id` int(11) DEFAULT NULL,
  `full_name` varchar(100) DEFAULT NULL,
  `account_number` varchar(50) DEFAULT NULL,
  `contact_number` varchar(20) DEFAULT NULL,
  `email` varchar(100) DEFAULT NULL,
  `job` varchar(255) DEFAULT NULL,
  `monthly_salary` decimal(10,2) DEFAULT NULL
) ENGINE=InnoDB DEFAULT CHARSET=utf8mb4 COLLATE=utf8mb4_general_ci;

--
-- Dumping data for table `loan_borrowers`
--

INSERT INTO `loan_borrowers` (`id`, `loan_application_id`, `full_name`, `account_number`, `contact_number`, `email`, `job`, `monthly_salary`) VALUES
(1, 1, 'Kurt Francis Carpeso', '12388902312', '09959228310', 'franciscarpeso@gmail.com', NULL, NULL),
(2, 2, 'Kurt', '1234455221', '09603281984', 'kurtcarpeso02@gmail.com', NULL, NULL),
(3, 3, 'Kurt', '1234455221', '09603281984', 'kurtcarpeso02@gmail.com', NULL, NULL),
(4, 4, 'Kurt Francis Carpeso', '12388902312', '09959228310', 'franciscarpeso@gmail.com', NULL, NULL),
(5, 5, 'Kurt', '1234455221', '09603281984', 'kurtcarpeso02@gmail.com', NULL, NULL),
(6, 6, 'Kurt Francis Carpeso', '12388902312', '09959228310', 'franciscarpeso@gmail.com', NULL, NULL),
(7, 7, 'JOANNA MARIE OCENAR CARPESO', 'EG847478389', '09983894613', 'joannamariecarpeso@gmail.com', NULL, NULL),
(8, 8, 'JOANNA MARIE OCENAR CARPESO', 'EG847478389', '09983894613', 'joannamariecarpeso@gmail.com', NULL, NULL),
(9, 9, 'Kurt Francis Carpeso', '12388902312', '09959228310', 'franciscarpeso@gmail.com', NULL, NULL),
(10, 10, 'Kurt', '1234455221', '09603281984', 'kurtcarpeso02@gmail.com', NULL, NULL),
(11, 11, 'Kurt', '1234455221', '09603281984', 'kurtcarpeso02@gmail.com', NULL, NULL),
(12, 12, 'Kurt', '1234455221', '09603281984', 'kurtcarpeso02@gmail.com', NULL, NULL),
(13, 13, 'Kurt Francis Carpeso', '10000', '09603281984', 'carpeso0958432@gmail.com', NULL, NULL),
(14, 14, 'Kurt', '1234455221', '09603281984', 'kurtcarpeso02@gmail.com', NULL, NULL),
(15, 15, 'Kurt Francis Carpeso', '10000', '09603281984', 'carpeso0958432@gmail.com', NULL, NULL),
(16, 16, 'Ambinoc m Ambinocbdl', 'EG220951969', '09276436759', 'ahambinoc92@gmail.com', NULL, NULL),
(17, 17, 'JOANNA MARIE OCENAR CARPESO', 'EG847478389', '09983894613', 'joannamariecarpeso@gmail.com', NULL, NULL),
(18, 18, 'Jiro Flojo Beringuela', 'EG905992297', '09603281984', 'beringuelajirocordial@gmail.com', NULL, NULL),
(19, 19, 'Kurt Francis Carpeso', '10000', '09603281984', 'carpeso0958432@gmail.com', NULL, NULL),
(20, 20, 'Jiro Flojo Beringuela', 'EG905992297', '09603281984', 'beringuelajirocordial@gmail.com', NULL, NULL),
(21, 21, 'Jose Cruz Dela Torre', 'EG223344556', '09281234568', 'josedelatorre@gmail.com', NULL, NULL),
(22, 22, 'Carlos Bautista Mendoza', 'EG445566778', '09171234570', 'carlosmendoza@gmail.com', NULL, NULL),
(23, 23, 'Jose Cruz Dela Torre', 'EG223344556', '09281234568', 'josedelatorre@gmail.com', NULL, NULL),
(24, 24, 'Kurt Francis Carpeso', '10000', '09603281984', 'carpeso0958432@gmail.com', NULL, NULL),
(25, 25, 'Liza Gomez Villanueva', 'EG556677889', '09281234571', 'lizavillanueva@gmail.com', NULL, NULL);

-- --------------------------------------------------------

--
-- Table structure for table `loan_documents`
--

CREATE TABLE `loan_documents` (
  `id` int(11) NOT NULL,
  `loan_application_id` int(11) DEFAULT NULL,
  `file_name` varchar(255) DEFAULT NULL,
  `proof_of_income` varchar(255) DEFAULT NULL,
  `coe_document` varchar(255) DEFAULT NULL,
  `pdf_path` varchar(255) DEFAULT NULL,
  `pdf_approved` varchar(255) DEFAULT NULL,
  `pdf_active` varchar(255) DEFAULT NULL,
  `pdf_rejected` varchar(255) DEFAULT NULL
) ENGINE=InnoDB DEFAULT CHARSET=utf8mb4 COLLATE=utf8mb4_general_ci;

--
-- Dumping data for table `loan_documents`
--

INSERT INTO `loan_documents` (`id`, `loan_application_id`, `file_name`, `proof_of_income`, `coe_document`, `pdf_path`, `pdf_approved`, `pdf_active`, `pdf_rejected`) VALUES
(1, 1, 'uploads/valid_id_1773549142_69b6365665ce0.png', 'uploads/proof_income_1773549142_69b636566647c.png', 'uploads/coe_1773549142_69b6365666986.docx', NULL, NULL, NULL, NULL),
(2, 2, 'uploads/valid_id_1773558168_69b659981aa87.png', 'uploads/proof_income_1773558168_69b659981b770.png', 'uploads/coe_1773558168_69b659981be92.pdf', NULL, NULL, NULL, NULL),
(3, 3, 'uploads/valid_id_1773558566_69b65b265d6ef.png', 'uploads/proof_income_1773558566_69b65b265db0c.png', 'uploads/coe_1773558566_69b65b265e342.docx', NULL, NULL, NULL, NULL),
(4, 4, 'uploads/valid_id_1773559003_69b65cdb1ddc0.png', 'uploads/proof_income_1773559003_69b65cdb2b064.png', 'uploads/coe_1773559003_69b65cdb2b5f7.docx', NULL, NULL, NULL, NULL),
(5, 5, 'uploads/valid_id_1773561273_69b665b9870fd.png', 'uploads/proof_income_1773561273_69b665b989ad8.png', 'uploads/coe_1773561273_69b665b98a524.pdf', NULL, NULL, NULL, NULL),
(6, 6, 'uploads/valid_id_1773561462_69b666767f3b9.png', 'uploads/proof_income_1773561462_69b666767fecf.png', 'uploads/coe_1773561462_69b666768055f.pdf', NULL, NULL, NULL, NULL),
(7, 7, 'uploads/valid_id_1775573510_69d51a06705b1.png', 'uploads/proof_income_1775573510_69d51a0675b20.png', 'uploads/coe_1775573510_69d51a0676fd2.docx', NULL, NULL, NULL, NULL),
(8, 8, 'uploads/valid_id_1775704719_69d71a8f70ccb.png', 'uploads/proof_income_1775704719_69d71a8f71f57.png', 'uploads/coe_1775704719_69d71a8f7251b.docx', NULL, NULL, NULL, NULL),
(9, 9, 'valid_id_1775705771_69d71eabd6762.png', 'proof_income_1775705771_69d71eabd6bd3.png', 'coe_1775705771_69d71eabd6ff8.docx', NULL, NULL, NULL, NULL),
(10, 10, 'valid_id_1775709054_69d72b7ee5afe.png', 'proof_income_1775709054_69d72b7ee65e1.png', 'coe_1775709054_69d72b7ee6d1a.docx', NULL, NULL, NULL, NULL),
(11, 11, 'valid_id_1775709341_69d72c9d9326d.png', 'proof_income_1775709341_69d72c9d937d1.png', 'coe_1775709341_69d72c9d93d33.docx', NULL, NULL, NULL, NULL),
(12, 12, 'valid_id_1775709650_69d72dd265e07.png', 'proof_income_1775709650_69d72dd266a11.png', 'coe_1775709650_69d72dd2670fe.docx', NULL, NULL, NULL, NULL),
(13, 13, 'valid_id_1776591577_69e4a2d9eb232.png', 'proof_income_1776591577_69e4a2d9f0b95.png', 'coe_1776591578_69e4a2da0630b.docx', NULL, NULL, NULL, NULL),
(14, 14, 'valid_id_1776647868_69e57ebcf1d44.png', 'proof_income_1776647868_69e57ebcf3bcb.png', 'coe_1776647869_69e57ebd017cf.docx', NULL, NULL, NULL, NULL),
(15, 15, 'valid_id_1776824195_69e82f83e81cd.png', 'proof_income_1776824195_69e82f83ebf87.png', 'coe_1776824195_69e82f83ee675.docx', NULL, NULL, NULL, NULL),
(16, 16, 'valid_id_1776825761_69e835a100c77.jpg', 'proof_income_1776825761_69e835a10cc90.docx', 'coe_1776825761_69e835a1180db.pdf', NULL, NULL, NULL, NULL),
(17, 17, 'valid_id_1776854614_69e8a6565092b.png', 'proof_income_1776854614_69e8a65653371.png', 'coe_1776854614_69e8a65653db7.docx', NULL, NULL, NULL, NULL),
(18, 18, 'valid_id_1776860996_69e8bf44a2901.png', 'proof_income_1776860996_69e8bf44acbc6.png', 'coe_1776860996_69e8bf44b330f.docx', NULL, NULL, NULL, NULL),
(19, 19, 'valid_id_1776871825_69e8e99155cb5.png', 'proof_income_1776871825_69e8e99156165.png', 'coe_1776871825_69e8e9915673d.docx', NULL, NULL, NULL, NULL),
(20, 20, 'valid_id_1776924595_69e9b7b33bb77.jpg', 'proof_income_1776924595_69e9b7b33e82a.jpg', 'coe_1776924595_69e9b7b3411ce.docx', NULL, NULL, NULL, NULL),
(21, 21, 'valid_id_1777035874_69eb6a623f4e1.jpg', 'proof_income_1777035874_69eb6a6246164.jpg', 'coe_1777035874_69eb6a624951d.pdf', NULL, NULL, NULL, NULL),
(22, 22, 'valid_id_1777084849_69ec29b1e0220.jpg', 'proof_income_1777084849_69ec29b1f1099.png', 'coe_1777084849_69ec29b1f26a3.docx', NULL, NULL, NULL, NULL),
(23, 23, 'valid_id_1777168899_69ed720332648.png', 'proof_income_1777168899_69ed72033c67b.pdf', 'coe_1777168899_69ed7203406f9.pdf', NULL, NULL, NULL, NULL),
(24, 24, 'valid_id_1777180511_69ed9f5fea09a.jpg', 'proof_income_1777180511_69ed9f5feed5e.jpg', 'coe_1777180511_69ed9f5ff28e6.docx', NULL, NULL, NULL, NULL),
(25, 25, 'valid_id_1777186065_69edb51174cc8.png', 'proof_income_1777186065_69edb51175af5.png', 'coe_1777186065_69edb51177a84.docx', NULL, NULL, NULL, NULL);

-- --------------------------------------------------------

--
-- Table structure for table `loan_payments`
--

CREATE TABLE `loan_payments` (
  `id` int(11) NOT NULL,
  `loan_application_id` int(11) NOT NULL,
  `user_email` varchar(255) NOT NULL,
  `borrower_name` varchar(150) DEFAULT NULL,
  `account_number` varchar(50) DEFAULT NULL,
  `amount` decimal(15,2) NOT NULL,
  `payment_method` enum('online','cheque') NOT NULL,
  `transaction_ref` varchar(50) NOT NULL,
  `payment_date` datetime NOT NULL,
  `status` varchar(30) DEFAULT 'Completed',
  `notes` text DEFAULT NULL,
  `processed_by` varchar(150) DEFAULT NULL,
  `processed_by_id` int(11) DEFAULT NULL,
  `ip_address` varchar(45) DEFAULT NULL,
  `user_agent` varchar(255) DEFAULT NULL,
  `created_at` timestamp NOT NULL DEFAULT current_timestamp(),
  `updated_at` timestamp(6) NOT NULL DEFAULT current_timestamp(6) ON UPDATE current_timestamp(6)
) ENGINE=InnoDB DEFAULT CHARSET=utf8mb4 COLLATE=utf8mb4_general_ci;

--
-- Dumping data for table `loan_payments`
--

INSERT INTO `loan_payments` (`id`, `loan_application_id`, `user_email`, `borrower_name`, `account_number`, `amount`, `payment_method`, `transaction_ref`, `payment_date`, `status`, `notes`, `processed_by`, `processed_by_id`, `ip_address`, `user_agent`, `created_at`, `updated_at`) VALUES
(1, 7, 'joannamariecarpeso@gmail.com', NULL, NULL, 1059.14, 'cheque', 'TXN-270204193044', '2026-04-13 03:34:58', 'Completed', NULL, NULL, NULL, NULL, NULL, '2026-04-13 01:34:58', '2026-04-13 12:49:03.269039'),
(2, 11, 'kurtcarpeso02@gmail.com', 'Kurt', '1234455221', 882.61, 'cheque', 'TXN-E8BAD50D4257', '2026-04-13 20:53:12', 'Completed', NULL, 'Kurt', NULL, '::1', 'Mozilla/5.0 (Windows NT 10.0; Win64; x64) AppleWebKit/537.36 (KHTML, like Gecko) Chrome/146.0.0.0 Safari/537.36 Edg/146.0.0.0', '2026-04-13 12:53:12', '2026-04-13 12:53:12.973176'),
(3, 7, 'joannamariecarpeso@gmail.com', 'JOANNA MARIE OCENAR CARPESO', 'EG847478389', 4940.85, 'online', 'TXN-2D0048ADFCCB', '2026-04-19 12:56:28', 'Completed', NULL, 'JOANNA MARIE OCENAR CARPESO', NULL, '::1', 'Mozilla/5.0 (Windows NT 10.0; Win64; x64) AppleWebKit/537.36 (KHTML, like Gecko) Chrome/147.0.0.0 Safari/537.36 Edg/147.0.0.0', '2026-04-19 04:56:28', '2026-04-19 04:56:28.886952'),
(4, 7, 'joannamariecarpeso@gmail.com', 'JOANNA MARIE OCENAR CARPESO', 'EG847478389', 1059.14, 'cheque', 'TXN-33863EED3223', '2026-04-19 14:07:20', 'Completed', NULL, 'JOANNA MARIE OCENAR CARPESO', NULL, '::1', 'Mozilla/5.0 (Windows NT 10.0; Win64; x64) AppleWebKit/537.36 (KHTML, like Gecko) Chrome/147.0.0.0 Safari/537.36 Edg/147.0.0.0', '2026-04-19 06:07:20', '2026-04-19 06:07:20.415671'),
(5, 13, 'carpeso0958432@gmail.com', 'Kurt Francis Carpeso', '10000', 9000.00, 'cheque', 'TXN-91502D079F3A', '2026-04-19 17:56:18', 'Completed', NULL, 'Kurt Francis Carpeso', NULL, '::1', 'Mozilla/5.0 (Windows NT 10.0; Win64; x64) AppleWebKit/537.36 (KHTML, like Gecko) Chrome/147.0.0.0 Safari/537.36 Edg/147.0.0.0', '2026-04-19 09:56:18', '2026-04-19 09:56:18.418022'),
(6, 2, 'kurtcarpeso02@gmail.com', 'Kurt', '1234455221', 6000.00, 'online', 'TXN-5478221A0059', '2026-04-19 18:33:07', 'Completed', NULL, 'Kurt', NULL, '::1', 'Mozilla/5.0 (Windows NT 10.0; Win64; x64) AppleWebKit/537.36 (KHTML, like Gecko) Chrome/147.0.0.0 Safari/537.36 Edg/147.0.0.0', '2026-04-19 10:33:07', '2026-04-19 10:33:07.632917'),
(7, 3, 'kurtcarpeso02@gmail.com', 'Kurt', '1234455221', 900000.00, 'cheque', 'TXN-1E9234E248D7', '2026-04-20 09:09:58', 'Completed', NULL, 'Kurt', NULL, '::1', 'Mozilla/5.0 (Windows NT 10.0; Win64; x64) AppleWebKit/537.36 (KHTML, like Gecko) Chrome/147.0.0.0 Safari/537.36 Edg/147.0.0.0', '2026-04-20 01:09:58', '2026-04-20 01:09:58.284228'),
(8, 15, 'carpeso0958432@gmail.com', 'Kurt Francis Carpeso', '10000', 1235.66, 'cheque', 'TXN-CA47367037DC', '2026-04-22 10:22:28', 'Completed', NULL, 'Kurt Francis Carpeso', NULL, '::1', 'Mozilla/5.0 (Windows NT 10.0; Win64; x64) AppleWebKit/537.36 (KHTML, like Gecko) Chrome/147.0.0.0 Safari/537.36 Edg/147.0.0.0', '2026-04-22 02:22:28', '2026-04-22 02:22:28.267471'),
(9, 15, 'carpeso0958432@gmail.com', 'Kurt Francis Carpeso', '10000', 1235.66, 'online', 'TXN-FD6E76FA7A6F', '2026-04-22 10:23:13', 'Completed', NULL, 'Kurt Francis Carpeso', NULL, '::1', 'Mozilla/5.0 (Windows NT 10.0; Win64; x64) AppleWebKit/537.36 (KHTML, like Gecko) Chrome/147.0.0.0 Safari/537.36 Edg/147.0.0.0', '2026-04-22 02:23:13', '2026-04-22 02:23:13.347071'),
(10, 18, 'beringuelajirocordial@gmail.com', 'Jiro Flojo Beringuela', 'EG905992297', 10061.80, 'online', 'TXN-E222EAE80520', '2026-04-22 23:06:11', 'Completed', NULL, 'Jiro Flojo Beringuela', NULL, '::1', 'Mozilla/5.0 (Windows NT 10.0; Win64; x64) AppleWebKit/537.36 (KHTML, like Gecko) Chrome/147.0.0.0 Safari/537.36 Edg/147.0.0.0', '2026-04-22 15:06:11', '2026-04-22 15:06:11.615596'),
(11, 18, 'beringuelajirocordial@gmail.com', 'Jiro Flojo Beringuela', 'EG905992297', 1006.00, 'online', 'TXN-AFB34FC69ACE', '2026-04-22 23:09:52', 'Completed', NULL, 'Jiro Flojo Beringuela', NULL, '::1', 'Mozilla/5.0 (Windows NT 10.0; Win64; x64) AppleWebKit/537.36 (KHTML, like Gecko) Chrome/147.0.0.0 Safari/537.36 Edg/147.0.0.0', '2026-04-22 15:09:52', '2026-04-22 15:09:52.706900'),
(12, 15, 'carpeso0958432@gmail.com', 'Kurt Francis Carpeso', '10000', 1235.66, 'online', 'TXN-6D1CFBF84004', '2026-04-22 23:58:46', 'Completed', NULL, 'Kurt Francis Carpeso', NULL, '::1', 'Mozilla/5.0 (Windows NT 10.0; Win64; x64) AppleWebKit/537.36 (KHTML, like Gecko) Chrome/147.0.0.0 Safari/537.36 Edg/147.0.0.0', '2026-04-22 15:58:46', '2026-04-22 15:58:46.465901'),
(13, 19, 'carpeso0958432@gmail.com', 'Kurt Francis Carpeso', '10000', 882.61, 'online', 'TXN-9FAB32762D03', '2026-04-23 14:35:49', 'Completed', NULL, 'Kurt Francis Carpeso', NULL, '124.107.42.90', 'Mozilla/5.0 (Windows NT 10.0; Win64; x64) AppleWebKit/537.36 (KHTML, like Gecko) Chrome/147.0.0.0 Safari/537.36', '2026-04-23 06:35:49', '2026-04-23 06:35:49.424705'),
(14, 19, 'carpeso0958432@gmail.com', 'Kurt Francis Carpeso', '10000', 882.61, 'online', 'TXN-42E154AF3CBA', '2026-04-23 14:36:31', 'Completed', NULL, 'Kurt Francis Carpeso', NULL, '124.107.42.90', 'Mozilla/5.0 (Windows NT 10.0; Win64; x64) AppleWebKit/537.36 (KHTML, like Gecko) Chrome/147.0.0.0 Safari/537.36', '2026-04-23 06:36:31', '2026-04-23 06:36:31.580944'),
(15, 19, 'carpeso0958432@gmail.com', 'Kurt Francis Carpeso', '10000', 882.61, 'online', 'TXN-9F702FA527FE', '2026-04-23 15:14:08', 'Completed', NULL, 'Kurt Francis Carpeso', NULL, '124.107.42.90', 'Mozilla/5.0 (Windows NT 10.0; Win64; x64) AppleWebKit/537.36 (KHTML, like Gecko) Chrome/147.0.0.0 Safari/537.36 Edg/147.0.0.0', '2026-04-23 07:14:08', '2026-04-23 07:14:08.125587'),
(16, 21, 'josedelatorre@gmail.com', 'Jose Cruz Dela Torre', 'EG223344556', 882.61, 'online', 'TXN-AC40D75AB26F', '2026-04-24 22:06:42', 'Completed', NULL, 'Jose Cruz Dela Torre', NULL, '152.32.99.148', 'Mozilla/5.0 (Windows NT 10.0; Win64; x64) AppleWebKit/537.36 (KHTML, like Gecko) Chrome/147.0.0.0 Safari/537.36', '2026-04-24 14:06:42', '2026-04-24 14:06:42.182515'),
(17, 21, 'josedelatorre@gmail.com', 'Jose Cruz Dela Torre', 'EG223344556', 882.61, 'online', 'TXN-8112EE7EBC45', '2026-04-24 22:08:29', 'Completed', NULL, 'Jose Cruz Dela Torre', NULL, '152.32.99.148', 'Mozilla/5.0 (Windows NT 10.0; Win64; x64) AppleWebKit/537.36 (KHTML, like Gecko) Chrome/147.0.0.0 Safari/537.36', '2026-04-24 14:08:29', '2026-04-24 14:08:29.227692'),
(18, 21, 'josedelatorre@gmail.com', 'Jose Cruz Dela Torre', 'EG223344556', 882.61, 'online', 'TXN-26BB92BC42A6', '2026-04-24 22:08:49', 'Completed', NULL, 'Jose Cruz Dela Torre', NULL, '152.32.99.148', 'Mozilla/5.0 (Windows NT 10.0; Win64; x64) AppleWebKit/537.36 (KHTML, like Gecko) Chrome/147.0.0.0 Safari/537.36', '2026-04-24 14:08:49', '2026-04-24 14:08:49.256332'),
(19, 21, 'josedelatorre@gmail.com', 'Jose Cruz Dela Torre', 'EG223344556', 882.61, 'online', 'TXN-E575FCC07556', '2026-04-24 22:10:22', 'Completed', NULL, 'Jose Cruz Dela Torre', NULL, '152.32.99.148', 'Mozilla/5.0 (Windows NT 10.0; Win64; x64) AppleWebKit/537.36 (KHTML, like Gecko) Chrome/147.0.0.0 Safari/537.36', '2026-04-24 14:10:22', '2026-04-24 14:10:22.623058'),
(20, 21, 'josedelatorre@gmail.com', 'Jose Cruz Dela Torre', 'EG223344556', 882.61, 'online', 'TXN-D2006503DBE4', '2026-04-24 22:10:43', 'Completed', NULL, 'Jose Cruz Dela Torre', NULL, '152.32.99.148', 'Mozilla/5.0 (Windows NT 10.0; Win64; x64) AppleWebKit/537.36 (KHTML, like Gecko) Chrome/147.0.0.0 Safari/537.36', '2026-04-24 14:10:43', '2026-04-24 14:10:43.638493'),
(21, 21, 'josedelatorre@gmail.com', 'Jose Cruz Dela Torre', 'EG223344556', 882.61, 'online', 'TXN-37928ABD0B35', '2026-04-24 22:11:00', 'Completed', NULL, 'Jose Cruz Dela Torre', NULL, '152.32.99.148', 'Mozilla/5.0 (Windows NT 10.0; Win64; x64) AppleWebKit/537.36 (KHTML, like Gecko) Chrome/147.0.0.0 Safari/537.36', '2026-04-24 14:11:00', '2026-04-24 14:11:00.459178'),
(22, 15, 'carpeso0958432@gmail.com', 'Kurt Francis Carpeso', '10000', 1235.66, 'online', 'TXN-65DFF7A291B5', '2026-04-25 07:28:26', 'Completed', NULL, 'Kurt Francis Carpeso', NULL, '::1', 'Mozilla/5.0 (Windows NT 10.0; Win64; x64) AppleWebKit/537.36 (KHTML, like Gecko) Chrome/147.0.0.0 Safari/537.36 Edg/147.0.0.0', '2026-04-24 23:28:26', '2026-04-24 23:28:26.671821'),
(23, 15, 'carpeso0958432@gmail.com', 'Kurt Francis Carpeso', '10000', 1235.66, 'cheque', 'TXN-F507A5966717', '2026-04-25 07:31:28', 'Completed', NULL, 'Kurt Francis Carpeso', NULL, '124.107.42.90', 'Mozilla/5.0 (Windows NT 10.0; Win64; x64) AppleWebKit/537.36 (KHTML, like Gecko) Chrome/147.0.0.0 Safari/537.36', '2026-04-24 23:31:28', '2026-04-24 23:31:28.953040'),
(24, 15, 'carpeso0958432@gmail.com', 'Kurt Francis Carpeso', '10000', 1235.66, 'online', 'TXN-804EC6E3D8E0', '2026-04-26 11:42:49', 'Completed', NULL, 'Kurt Francis Carpeso', NULL, '::1', 'Mozilla/5.0 (Windows NT 10.0; Win64; x64) AppleWebKit/537.36 (KHTML, like Gecko) Chrome/147.0.0.0 Safari/537.36 Edg/147.0.0.0', '2026-04-26 03:42:49', '2026-04-26 03:42:49.788634'),
(25, 25, 'lizavillanueva@gmail.com', 'Liza Gomez Villanueva', 'EG556677889', 1599.99, 'online', 'TXN-E9F37DB96CE4', '2026-04-26 14:57:13', 'Completed', NULL, 'Liza Gomez Villanueva', NULL, '::1', 'Mozilla/5.0 (Windows NT 10.0; Win64; x64) AppleWebKit/537.36 (KHTML, like Gecko) Chrome/147.0.0.0 Safari/537.36 Edg/147.0.0.0', '2026-04-26 06:57:13', '2026-04-26 06:57:13.635751');

-- --------------------------------------------------------

--
-- Table structure for table `loan_penalties`
--

CREATE TABLE `loan_penalties` (
  `id` int(11) NOT NULL,
  `loan_application_id` int(11) NOT NULL,
  `user_email` varchar(255) NOT NULL,
  `penalty_amount` decimal(15,2) NOT NULL DEFAULT 0.00,
  `penalty_rate` decimal(5,4) NOT NULL DEFAULT 0.0500,
  `months_overdue` int(11) NOT NULL DEFAULT 0,
  `original_balance` decimal(15,2) NOT NULL DEFAULT 0.00,
  `total_balance_with_penalty` decimal(15,2) NOT NULL DEFAULT 0.00,
  `status` enum('Active','Waived','Settled') NOT NULL DEFAULT 'Active',
  `email_sent` tinyint(1) NOT NULL DEFAULT 0,
  `email_sent_at` datetime DEFAULT NULL,
  `created_at` datetime NOT NULL DEFAULT current_timestamp(),
  `updated_at` datetime NOT NULL DEFAULT current_timestamp() ON UPDATE current_timestamp()
) ENGINE=InnoDB DEFAULT CHARSET=utf8mb4 COLLATE=utf8mb4_general_ci;

-- --------------------------------------------------------

--
-- Table structure for table `loan_rejections`
--

CREATE TABLE `loan_rejections` (
  `id` int(11) NOT NULL,
  `loan_application_id` int(11) DEFAULT NULL,
  `rejected_by` varchar(255) DEFAULT NULL,
  `rejected_by_user_id` int(11) DEFAULT NULL,
  `rejected_at` datetime DEFAULT NULL,
  `rejection_remarks` text DEFAULT NULL
) ENGINE=InnoDB DEFAULT CHARSET=utf8mb4 COLLATE=utf8mb4_general_ci;

--
-- Dumping data for table `loan_rejections`
--

INSERT INTO `loan_rejections` (`id`, `loan_application_id`, `rejected_by`, `rejected_by_user_id`, `rejected_at`, `rejection_remarks`) VALUES
(1, 6, 'Kurt Francis Carpeso', 2, '2026-03-15 15:58:02', 'NOt Valid'),
(2, 8, 'KURT FRANCIS OCENAR CARPESO', 3, '2026-04-09 11:40:07', 'Test'),
(3, 9, 'KURT FRANCIS OCENAR CARPESO', 3, '2026-04-09 11:40:26', 'test again'),
(4, 12, 'KURT FRANCIS OCENAR CARPESO', 3, '2026-04-14 08:28:48', 'Not Valid'),
(5, 14, 'KURT FRANCIS OCENAR CARPESO', 3, '2026-04-22 18:46:13', 'Not ready'),
(6, 16, 'KURT FRANCIS OCENAR CARPESO', 3, '2026-04-22 18:46:31', 'too much money');

-- --------------------------------------------------------

--
-- Table structure for table `loan_types`
--

CREATE TABLE `loan_types` (
  `id` int(11) NOT NULL,
  `code` varchar(20) NOT NULL,
  `name` varchar(100) NOT NULL,
  `max_amount` decimal(18,2) DEFAULT NULL,
  `max_term_months` int(11) DEFAULT NULL,
  `interest_rate` decimal(6,4) NOT NULL,
  `description` text DEFAULT NULL,
  `is_active` tinyint(1) DEFAULT 1
) ENGINE=InnoDB DEFAULT CHARSET=utf8mb4 COLLATE=utf8mb4_general_ci;

--
-- Dumping data for table `loan_types`
--

INSERT INTO `loan_types` (`id`, `code`, `name`, `max_amount`, `max_term_months`, `interest_rate`, `description`, `is_active`) VALUES
(1, 'SALARY', 'Salary Loan', 50000.00, 12, 0.0500, 'Employee salary loan', 1),
(2, 'EMERGENCY', 'Emergency Loan', 25000.00, 6, 0.0800, 'Emergency financial assistance', 1),
(3, 'HOUSING', 'Housing Loan', 500000.00, 60, 0.0600, 'Housing loan assistance', 1),
(4, 'EDUCATION', 'Education Loan', 100000.00, 24, 0.0400, 'Educational assistance loan', 1),
(5, 'VEHICLE', 'Vehicle Loan', 300000.00, 36, 0.0700, 'Vehicle purchase loan', 1),
(6, 'MEDICAL', 'Medical Loan', 15000.00, 12, 0.0300, 'Medical emergency loan', 1),
(7, 'APPLIANCE', 'Appliance Loan', 20000.00, 18, 0.0500, 'Home appliance loan', 1),
(13, 'PERSONAL', 'Personal Loan', 1000000.00, 36, 0.0500, 'Personal Loan', 1),
(14, 'MULTI', 'Multi-Purpose Loan', 1000000.00, 36, 0.0600, ' flexible, typically non-collateral, short-to-medium-term', 1);

-- --------------------------------------------------------

--
-- Table structure for table `loan_valid_id`
--

CREATE TABLE `loan_valid_id` (
  `id` int(11) NOT NULL,
  `valid_id_type` varchar(150) NOT NULL
) ENGINE=InnoDB DEFAULT CHARSET=utf8mb4 COLLATE=utf8mb4_general_ci;

--
-- Dumping data for table `loan_valid_id`
--

INSERT INTO `loan_valid_id` (`id`, `valid_id_type`) VALUES
(1, 'Driver\'s License'),
(2, 'Postal Id'),
(3, 'GSIS'),
(4, 'NBI Clearance'),
(5, 'Passport'),
(6, 'National Id'),
(7, 'UMId'),
(8, 'Voter\'s ID'),
(9, 'PRC ID'),
(10, 'BIR(TIN ID)'),
(11, 'PhilHealth ID'),
(12, 'Senior Citizen ID');

-- --------------------------------------------------------

--
-- Table structure for table `loan_valid_ids`
--

CREATE TABLE `loan_valid_ids` (
  `id` int(11) NOT NULL,
  `loan_application_id` int(11) DEFAULT NULL,
  `loan_valid_id_type` int(11) DEFAULT NULL,
  `valid_id_number` varchar(150) DEFAULT NULL
) ENGINE=InnoDB DEFAULT CHARSET=utf8mb4 COLLATE=utf8mb4_general_ci;

--
-- Dumping data for table `loan_valid_ids`
--

INSERT INTO `loan_valid_ids` (`id`, `loan_application_id`, `loan_valid_id_type`, `valid_id_number`) VALUES
(1, 1, 8, '123332112'),
(2, 2, 8, '1234554343'),
(3, 3, 8, '1206516516506'),
(4, 4, 7, '12412414141'),
(5, 5, 7, '12412414141'),
(6, 6, 11, '1241241414141'),
(7, 7, 8, '10021231231'),
(8, 8, 4, '2342342002344'),
(9, 9, 6, '343423222234'),
(10, 10, 10, '23312311123790'),
(11, 11, 9, '9901231231333'),
(12, 12, 9, '31231313444341'),
(13, 13, 8, '9933088088321'),
(14, 14, 6, '1298419742198741'),
(15, 15, 6, '9994322458'),
(16, 16, 8, '9994322458'),
(17, 17, 3, '12345678901'),
(18, 18, 8, '1234-56789-AB'),
(19, 19, 12, 'SC-2025-123456'),
(20, 20, 12, 'SC-2022-123456'),
(21, 21, 3, '12345678901'),
(22, 22, 11, '12-345678901-1'),
(23, 23, 6, '0001-2345678-9'),
(24, 24, 4, 'MA23-12345C'),
(25, 25, 6, '1234-5678901-2');

-- --------------------------------------------------------

--
-- Table structure for table `municipalities`
--

CREATE TABLE `municipalities` (
  `id` int(11) NOT NULL,
  `province_id` int(11) NOT NULL,
  `municipality_name` varchar(100) NOT NULL
) ENGINE=InnoDB DEFAULT CHARSET=utf8mb4 COLLATE=utf8mb4_general_ci;

--
-- Dumping data for table `municipalities`
--

INSERT INTO `municipalities` (`id`, `province_id`, `municipality_name`) VALUES
(1, 1, 'City of Manila'),
(2, 1, 'Quezon City'),
(3, 1, 'Makati City'),
(4, 1, 'Pasig City'),
(5, 1, 'Taguig City'),
(6, 1, 'Marikina City'),
(7, 1, 'Parañaque City'),
(8, 1, 'Las Piñas City'),
(9, 1, 'Mandaluyong City'),
(10, 1, 'Caloocan City'),
(11, 2, 'Cebu City'),
(12, 2, 'Mandaue City'),
(13, 2, 'Lapu-Lapu City'),
(14, 2, 'Talisay City'),
(15, 2, 'Naga City'),
(16, 2, 'Danao City'),
(17, 2, 'Carcar City'),
(18, 2, 'Toledo City'),
(19, 2, 'Minglanilla'),
(20, 2, 'Consolacion'),
(21, 3, 'Davao City'),
(22, 3, 'Digos City'),
(23, 3, 'Hagonoy'),
(24, 3, 'Kiblawan'),
(25, 3, 'Magsaysay'),
(26, 3, 'Malalag'),
(27, 3, 'Matanao'),
(28, 3, 'Padada'),
(29, 3, 'Santa Cruz'),
(30, 3, 'Sulop'),
(31, 4, 'Santa Rosa City'),
(32, 4, 'San Pablo City'),
(33, 4, 'Calamba City'),
(34, 4, 'Biñan City'),
(35, 4, 'Cabuyao City'),
(36, 4, 'San Pedro City'),
(37, 4, 'Los Baños'),
(38, 4, 'Bay'),
(39, 4, 'Calauan'),
(40, 4, 'Pagsanjan'),
(41, 5, 'Malolos City'),
(42, 5, 'Meycauayan City'),
(43, 5, 'San Jose del Monte City'),
(44, 5, 'Balagtas'),
(45, 5, 'Bocaue'),
(46, 5, 'Bulakan'),
(47, 5, 'Calumpit'),
(48, 5, 'Guiguinto'),
(49, 5, 'Marilao'),
(50, 5, 'Obando'),
(51, 6, 'Angeles City'),
(52, 6, 'San Fernando City'),
(53, 6, 'Mabalacat City'),
(54, 6, 'Arayat'),
(55, 6, 'Bacolor'),
(56, 6, 'Candaba'),
(57, 6, 'Floridablanca'),
(58, 6, 'Guagua'),
(59, 6, 'Lubao'),
(60, 6, 'Mexico'),
(61, 7, 'Batangas City'),
(62, 7, 'Lipa City'),
(63, 7, 'Tanauan City'),
(64, 7, 'Santo Tomas City'),
(65, 7, 'Nasugbu'),
(66, 7, 'Sto. Tomas'),
(67, 7, 'Balayan'),
(68, 7, 'Bauan'),
(69, 7, 'Lemery'),
(70, 7, 'Taysan'),
(71, 8, 'Antipolo City'),
(72, 8, 'Cainta'),
(73, 8, 'Taytay'),
(74, 8, 'Binangonan'),
(75, 8, 'Angono'),
(76, 8, 'Cardona'),
(77, 8, 'Morong'),
(78, 8, 'Baras'),
(79, 8, 'Tanay'),
(80, 8, 'Teresa'),
(81, 9, 'Bacoor City'),
(82, 9, 'Cavite City'),
(83, 9, 'Dasmariñas City'),
(84, 9, 'General Trias City'),
(85, 9, 'Imus City'),
(86, 9, 'Tagaytay City'),
(87, 9, 'Trece Martires City'),
(88, 9, 'Alfonso'),
(89, 9, 'Amadeo'),
(90, 9, 'Carmona'),
(91, 10, 'Iloilo City'),
(92, 10, 'Passi City'),
(93, 10, 'Oton'),
(94, 10, 'Pavia'),
(95, 10, 'Santa Barbara'),
(96, 10, 'Cabatuan'),
(97, 10, 'Mina'),
(98, 10, 'Leganes'),
(99, 10, 'Zarraga'),
(100, 10, 'Alimodian');

-- --------------------------------------------------------

--
-- Table structure for table `officers`
--

CREATE TABLE `officers` (
  `id` int(11) NOT NULL,
  `employee_number` varchar(20) NOT NULL,
  `first_name` varchar(100) NOT NULL,
  `middle_name` varchar(100) DEFAULT NULL,
  `surname` varchar(100) NOT NULL,
  `full_name` varchar(300) NOT NULL,
  `address` text NOT NULL,
  `province_id` int(11) DEFAULT NULL,
  `province_name` varchar(100) DEFAULT NULL,
  `municipality_id` int(11) DEFAULT NULL,
  `municipality_name` varchar(100) DEFAULT NULL,
  `barangay_id` int(11) DEFAULT NULL,
  `barangay_name` varchar(100) DEFAULT NULL,
  `officer_email` varchar(150) NOT NULL,
  `contact_number` varchar(30) NOT NULL,
  `birthday` date NOT NULL,
  `role` varchar(50) NOT NULL DEFAULT 'Loan Officer',
  `password_hash` varchar(255) NOT NULL,
  `status` enum('Active','Inactive') NOT NULL DEFAULT 'Active',
  `created_at` datetime NOT NULL DEFAULT current_timestamp(),
  `updated_at` datetime DEFAULT NULL ON UPDATE current_timestamp()
) ENGINE=InnoDB DEFAULT CHARSET=utf8mb4 COLLATE=utf8mb4_unicode_ci;

--
-- Dumping data for table `officers`
--

INSERT INTO `officers` (`id`, `employee_number`, `first_name`, `middle_name`, `surname`, `full_name`, `address`, `province_id`, `province_name`, `municipality_id`, `municipality_name`, `barangay_id`, `barangay_name`, `officer_email`, `contact_number`, `birthday`, `role`, `password_hash`, `status`, `created_at`, `updated_at`) VALUES
(1, 'SA-0000001', 'Super', NULL, 'Admin', 'Super Admin', 'Evergreen Head Office', NULL, NULL, NULL, NULL, NULL, NULL, 'admin@evergreentrust.com', '0000-000-0000', '1990-01-01', 'Super Admin', '$2y$10$mu8MvOAqBpBQyci9kpKCM.pCdZ2j9eNR2AhNBXMBE3fSYu5LOQRn2', 'Active', '2026-04-05 11:33:33', NULL),
(2, 'LO-0000001', 'KURT FRANCIS', 'OCENAR', 'CARPESO', 'KURT FRANCIS OCENAR CARPESO', '123 ABC STREET', 1, 'Metro Manila', 2, 'Quezon City', 508, 'Sauyo', 'franciscarpeso@gmail.com', '09959228310', '2005-06-10', 'Loan Officer', '$2y$10$kqvPxntb4CKDuRqzgkIGR.7jL5pYQNguD7bjVv2g6fWR8ckcpAYEW', 'Active', '2026-04-05 23:12:16', '2026-04-12 22:33:00'),
(3, 'LO-0000002', 'KURT FRANCIS', 'OCENAR', 'CARPESO', 'KURT FRANCIS OCENAR CARPESO', '123 ABC STREET', 1, 'Metro Manila', 2, 'Quezon City', 508, 'Sauyo', 'carpeso0958432@gmail.com', '09959228310', '2005-06-10', 'Loan Officer', '$2y$10$dDSD6kRhXLar2y86DpjjcOvi3esup9nKBNQTtVQCdTxSxPB3Q1c.K', 'Active', '2026-04-05 23:23:35', '2026-04-20 09:14:28'),
(4, 'LO-0000003', 'Ricardo', 'Dela Cruz', 'Villanueva', 'Ricardo Dela Cruz Villanueva', '12 Batasan Road Blk 3 Lot 5', 1, 'Metro Manila', 2, 'Quezon City', 501, 'Batasan Hills', 'ricardo.villanueva@loandb.com', '09171112233', '1985-06-15', 'Loan Officer', '$2y$10$yiTibz8kMj0vVGfCS8x7fufOETa7STLw/6bTe01ZKDwlPliwJ0ZK.', 'Active', '2026-04-24 20:40:50', NULL),
(5, 'LO-0000004', 'Marites', 'Gomez', 'Santiago', 'Marites Gomez Santiago', '88 Commonwealth Ave Blk 7 Lot 2', 1, 'Metro Manila', 2, 'Quezon City', 502, 'Commonwealth', 'marites.santiago@loandb.com', '09282223344', '1990-03-22', 'Loan Officer', '$2y$10$UJ1r1sDOXEwdqNdeqkG9Fe2SyGJ/aD9THtgQpiydN7/DVhtRvbAF.', 'Active', '2026-04-24 20:40:50', NULL),
(6, 'LO-0000005', 'Bernard', 'Reyes', 'Aquino', 'Bernard Reyes Aquino', '45 Regalado Ave Blk 1 Lot 9', 1, 'Metro Manila', 2, 'Quezon City', 503, 'Fairview', 'bernard.aquino@loandb.com', '09393334455', '1988-11-08', 'Senior Loan Officer', '$2y$10$VJq6bg2Wb3VS3v4JSUfzBe0iaAEAamVw1h8BGXbyzXiaeROOqXteW', 'Active', '2026-04-24 20:40:50', NULL),
(7, 'LO-0000006', 'Carmela', 'Bautista', 'Flores', 'Carmela Bautista Flores', '23 EDSA Cubao Blk 5 Lot 11', 1, 'Metro Manila', 2, 'Quezon City', 506, 'Cubao', 'carmela.flores@loandb.com', '09174445566', '1992-07-30', 'Loan Officer', '$2y$10$tdmRaHAStqzgL25lKcYh6eircB9nnnB1EX3YOUwXWTT5twFyNK7cC', 'Active', '2026-04-24 20:40:50', NULL),
(8, 'LO-0000007', 'Danilo', 'Mendoza', 'Castillo', 'Danilo Mendoza Castillo', '67 Katipunan Ave Blk 2 Lot 4', 1, 'Metro Manila', 2, 'Quezon City', 509, 'Diliman', 'danilo.castillo@loandb.com', '09285556677', '1983-09-14', 'Branch Manager', '$2y$10$XFMDfrAlCYCls/MeSzZ7d.7F7J2X.up/PzwGHbDI/fTda5YTzRveW', 'Active', '2026-04-24 20:40:50', NULL);

-- --------------------------------------------------------

--
-- Table structure for table `provinces`
--

CREATE TABLE `provinces` (
  `id` int(11) NOT NULL,
  `province_name` varchar(100) NOT NULL
) ENGINE=InnoDB DEFAULT CHARSET=utf8mb4 COLLATE=utf8mb4_general_ci;

--
-- Dumping data for table `provinces`
--

INSERT INTO `provinces` (`id`, `province_name`) VALUES
(7, 'Batangas'),
(5, 'Bulacan'),
(9, 'Cavite'),
(2, 'Cebu'),
(3, 'Davao del Sur'),
(10, 'Iloilo'),
(4, 'Laguna'),
(1, 'Metro Manila'),
(6, 'Pampanga'),
(8, 'Rizal');

-- --------------------------------------------------------

--
-- Table structure for table `users`
--

CREATE TABLE `users` (
  `id` int(11) NOT NULL,
  `first_name` varchar(50) DEFAULT NULL,
  `middle_name` varchar(50) DEFAULT NULL,
  `surname` varchar(50) DEFAULT NULL,
  `address` varchar(255) DEFAULT NULL,
  `province_id` int(11) DEFAULT NULL,
  `province_name` varchar(100) DEFAULT NULL,
  `municipality_id` int(11) DEFAULT NULL,
  `municipality_name` varchar(100) DEFAULT NULL,
  `barangay_id` int(11) DEFAULT NULL,
  `barangay_name` varchar(100) DEFAULT NULL,
  `birthday` date DEFAULT NULL,
  `full_name` varchar(100) DEFAULT NULL,
  `user_email` varchar(255) NOT NULL,
  `password_hash` varchar(255) NOT NULL,
  `account_number` varchar(20) DEFAULT NULL,
  `contact_number` varchar(20) DEFAULT NULL,
  `created_at` timestamp NOT NULL DEFAULT current_timestamp()
) ENGINE=InnoDB DEFAULT CHARSET=utf8mb4 COLLATE=utf8mb4_general_ci;

--
-- Dumping data for table `users`
--

INSERT INTO `users` (`id`, `first_name`, `middle_name`, `surname`, `address`, `province_id`, `province_name`, `municipality_id`, `municipality_name`, `barangay_id`, `barangay_name`, `birthday`, `full_name`, `user_email`, `password_hash`, `account_number`, `contact_number`, `created_at`) VALUES
(1, NULL, NULL, NULL, NULL, NULL, NULL, NULL, NULL, NULL, NULL, NULL, 'Kurt Francis Carpeso', 'franciscarpeso@gmail.com', '$2y$10$fflExrlI2bmm/.5yqsAyROjPvut/3nKNeUcUZ9/86EG3/ISFfXFfG', '12388902312', '09959228310', '2026-03-09 11:01:05'),
(2, NULL, NULL, NULL, NULL, NULL, NULL, NULL, NULL, NULL, NULL, NULL, 'Kurt Francis Carpeso', 'carpeso0958432@gmail.com', '$2y$10$FmqeUbqcSgbluyG6DBeO3uYUqxek/S7lzU7K7QxB770RnyiBOF5SO', '10000', '09603281984', '2026-03-09 11:02:35'),
(3, NULL, NULL, NULL, NULL, NULL, NULL, NULL, NULL, NULL, NULL, NULL, 'Kurt', 'kurtcarpeso02@gmail.com', '$2y$10$.aiTFvCoTMlkw/45f/9IQ.fwn45lzCcHE4iaTzqfFihF7Q9zsU29W', '1234455221', '09603281984', '2026-03-11 11:22:42'),
(4, 'JOANNA MARIE', 'OCENAR', 'CARPESO', '123 ABC STREET', 1, 'Metro Manila', 2, 'Quezon City', 508, 'Sauyo', '2001-08-29', 'JOANNA MARIE OCENAR CARPESO', 'joannamariecarpeso@gmail.com', '$2y$10$t0fgcUfjVgRy47UQc3UCPuSh6XI1BM7RP0prydn7FIvEK.bNyf3sW', 'EG847478389', '09983894613', '2026-04-02 11:26:55'),
(5, 'Jiro', 'Flojo', 'Beringuela', '123 ABC STREET', 1, 'Metro Manila', 2, 'Quezon City', 432, 'Camp Aguinaldo', '2001-10-10', 'Jiro Flojo Beringuela', 'beringuelajirocordial@gmail.com', '$2y$10$q6TVZRJVc1M4KLtY4BdE3upiQMC5FrsjvWnluF2uZKVI0iUB2ABdy', 'EG905992297', '09603281984', '2026-04-20 01:41:51'),
(6, 'Ambinoc', 'm', 'Ambinocbdl', 'gulod 17 blk13', 5, 'Bulacan', 42, 'Meycauayan City', 282, 'Barangay Langka', '2005-02-11', 'Ambinoc m Ambinocbdl', 'ahambinoc92@gmail.com', '$2y$10$wp4FwDLGZlIw4VucWm8wjepLakyNuFwxO9q53jy9RQq.kx9ZeGF8q', 'EG220951969', '09276436759', '2026-04-22 02:37:09'),
(7, 'JEFFREY', 'SAGAL', 'CARPESO', '123 ABC STREET', 1, 'Metro Manila', 2, 'Quezon City', 508, 'Sauyo', '1999-04-27', 'JEFFREY SAGAL CARPESO', 'jepcarpeso027@gmail.com', '$2y$10$k95zDTiMm2gejiTAB2foPemR23uNaE5c8WCDC7m1tJp4Ace3bB3om', 'EG389595307', '09396108449', '2026-04-22 08:50:00'),
(32, 'Maria', 'Santos', 'Reyes', '12 Batasan Road', 1, 'Metro Manila', 2, 'Quezon City', 501, 'Batasan Hills', '1995-03-15', 'Maria Santos Reyes', 'mariasantosreyes@gmail.com', '$2y$10$w5f2EISmr9GSASGcNrDk1uoELc1VVMZDyDA0WDg0S6oGiOujI1zH2', 'EG112233445', '09171234567', '2026-04-24 11:51:11'),
(33, 'Jose', 'Cruz', 'Dela Torre', '45 Commonwealth Ave', 1, 'Metro Manila', 2, 'Quezon City', 502, 'Commonwealth', '1990-07-22', 'Jose Cruz Dela Torre', 'josedelatorre@gmail.com', '$2y$10$zyuAHoPYwD36NqtVxhGDG.7RBryaDSB60N/QzxyYIz2WoQEUi9HXe', 'EG223344556', '09281234568', '2026-04-24 11:51:11'),
(34, 'Ana', 'Lim', 'Garcia', '78 Regalado Ave', 1, 'Metro Manila', 2, 'Quezon City', 503, 'Fairview', '1998-11-30', 'Ana Lim Garcia', 'anagarcia@gmail.com', '$2y$10$abcXYZ1234567890abcXYZ.abcXYZ1234567890abcXYZabcXYZ12345', 'EG334455667', '09391234569', '2026-04-24 11:51:11'),
(35, 'Carlos', 'Bautista', 'Mendoza', '23 Quirino Highway', 1, 'Metro Manila', 2, 'Quezon City', 504, 'Novaliches', '1988-05-10', 'Carlos Bautista Mendoza', 'carlosmendoza@gmail.com', '$2y$10$DDGjhov.oKAh6.ITF33hmusAdtUIrDFGwlu.LZlyY1P1Jc7DQRX0O', 'EG445566778', '09171234570', '2026-04-24 11:51:11'),
(36, 'Liza', 'Gomez', 'Villanueva', '56 Tandang Sora Ave', 1, 'Metro Manila', 2, 'Quezon City', 505, 'Tandang Sora', '2000-02-14', 'Liza Gomez Villanueva', 'lizavillanueva@gmail.com', '$2y$10$xNOfjCOMN.yp6nl3Zdw.o.5cIwwxCWIoRSlHC/JrhVd5RCWdXW8Ra', 'EG556677889', '09281234571', '2026-04-24 11:51:11'),
(37, 'Ramon', 'Aquino', 'Fernandez', '89 EDSA Cubao', 1, 'Metro Manila', 2, 'Quezon City', 506, 'Cubao', '1993-09-08', 'Ramon Aquino Fernandez', 'ramonfernanndez@gmail.com', '$2y$10$abcXYZ1234567890abcXYZ.abcXYZ1234567890abcXYZabcXYZ1236', 'EG667788990', '09391234572', '2026-04-24 11:51:11'),
(38, 'Grace', 'Tan', 'Pascual', '34 Kamuning Road', 1, 'Metro Manila', 2, 'Quezon City', 507, 'Kamuning', '1997-12-25', 'Grace Tan Pascual', 'gracepascual@gmail.com', '$2y$10$abcXYZ1234567890abcXYZ.abcXYZ1234567890abcXYZabcXYZ1237', 'EG778899001', '09171234573', '2026-04-24 11:51:11'),
(39, 'Miguel', 'Ramos', 'Torres', '101 Katipunan Ave', 1, 'Metro Manila', 2, 'Quezon City', 509, 'Diliman', '1985-06-18', 'Miguel Ramos Torres', 'migueltorres@gmail.com', '$2y$10$abcXYZ1234567890abcXYZ.abcXYZ1234567890abcXYZabcXYZ1238', 'EG889900112', '09281234574', '2026-04-24 11:51:11'),
(40, 'Patricia', 'Flores', 'Soriano', '67 Sauyo Road', 1, 'Metro Manila', 2, 'Quezon City', 508, 'Sauyo', '2002-04-03', 'Patricia Flores Soriano', 'patriciasoriano@gmail.com', '$2y$10$abcXYZ1234567890abcXYZ.abcXYZ1234567890abcXYZabcXYZ1239', 'EG990011223', '09391234575', '2026-04-24 11:51:11'),
(41, 'Eduardo', 'Navarro', 'Castillo', '15 Agham Road', 1, 'Metro Manila', 2, 'Quezon City', 510, 'Project 6', '1991-08-20', 'Eduardo Navarro Castillo', 'eduardocastillo@gmail.com', '$2y$10$abcXYZ1234567890abcXYZ.abcXYZ1234567890abcXYZabcXYZ1240', 'EG101122334', '09171234576', '2026-04-24 11:51:11'),
(42, 'Sheila', 'Bondoc', 'Miranda', '29 Camp Aguinaldo Road', 1, 'Metro Manila', 2, 'Quezon City', 432, 'Camp Aguinaldo', '1996-01-07', 'Sheila Bondoc Miranda', 'sheilamiranda@gmail.com', '$2y$10$abcXYZ1234567890abcXYZ.abcXYZ1234567890abcXYZabcXYZ1241', 'EG112233446', '09281234577', '2026-04-24 11:51:11'),
(43, 'Ronaldo', 'Abad', 'Salazar', '52 Don Antonio Blvd', 1, 'Metro Manila', 2, 'Quezon City', 501, 'Batasan Hills', '1989-10-12', 'Ronaldo Abad Salazar', 'ronaldosalazar@gmail.com', '$2y$10$abcXYZ1234567890abcXYZ.abcXYZ1234567890abcXYZabcXYZ1242', 'EG223345567', '09391234578', '2026-04-24 11:51:11');

--
-- Indexes for dumped tables
--

--
-- Indexes for table `barangays`
--
ALTER TABLE `barangays`
  ADD PRIMARY KEY (`id`),
  ADD KEY `idx_brgy_municipality` (`municipality_id`);

--
-- Indexes for table `loan_applications`
--
ALTER TABLE `loan_applications`
  ADD PRIMARY KEY (`id`),
  ADD KEY `fk_user_loan` (`user_id`);

--
-- Indexes for table `loan_approvals`
--
ALTER TABLE `loan_approvals`
  ADD PRIMARY KEY (`id`),
  ADD KEY `loan_application_id` (`loan_application_id`);

--
-- Indexes for table `loan_borrowers`
--
ALTER TABLE `loan_borrowers`
  ADD PRIMARY KEY (`id`),
  ADD KEY `loan_application_id` (`loan_application_id`);

--
-- Indexes for table `loan_documents`
--
ALTER TABLE `loan_documents`
  ADD PRIMARY KEY (`id`),
  ADD KEY `loan_application_id` (`loan_application_id`);

--
-- Indexes for table `loan_payments`
--
ALTER TABLE `loan_payments`
  ADD PRIMARY KEY (`id`),
  ADD KEY `idx_loan_app` (`loan_application_id`),
  ADD KEY `idx_email` (`user_email`),
  ADD KEY `idx_pay_date` (`payment_date`),
  ADD KEY `idx_status` (`status`),
  ADD KEY `idx_method` (`payment_method`),
  ADD KEY `idx_officer` (`processed_by_id`);

--
-- Indexes for table `loan_penalties`
--
ALTER TABLE `loan_penalties`
  ADD PRIMARY KEY (`id`),
  ADD KEY `idx_loan` (`loan_application_id`),
  ADD KEY `idx_email` (`user_email`),
  ADD KEY `idx_status` (`status`);

--
-- Indexes for table `loan_rejections`
--
ALTER TABLE `loan_rejections`
  ADD PRIMARY KEY (`id`),
  ADD KEY `loan_application_id` (`loan_application_id`);

--
-- Indexes for table `loan_types`
--
ALTER TABLE `loan_types`
  ADD PRIMARY KEY (`id`),
  ADD KEY `code` (`code`);

--
-- Indexes for table `loan_valid_id`
--
ALTER TABLE `loan_valid_id`
  ADD PRIMARY KEY (`id`);

--
-- Indexes for table `loan_valid_ids`
--
ALTER TABLE `loan_valid_ids`
  ADD PRIMARY KEY (`id`),
  ADD KEY `loan_application_id` (`loan_application_id`);

--
-- Indexes for table `municipalities`
--
ALTER TABLE `municipalities`
  ADD PRIMARY KEY (`id`),
  ADD KEY `idx_muni_province` (`province_id`);

--
-- Indexes for table `officers`
--
ALTER TABLE `officers`
  ADD PRIMARY KEY (`id`),
  ADD UNIQUE KEY `uq_employee_number` (`employee_number`),
  ADD UNIQUE KEY `uq_officer_email` (`officer_email`),
  ADD KEY `idx_status` (`status`),
  ADD KEY `idx_role` (`role`),
  ADD KEY `idx_province_id` (`province_id`),
  ADD KEY `idx_municipality` (`municipality_id`),
  ADD KEY `idx_barangay` (`barangay_id`),
  ADD KEY `idx_created_at` (`created_at`);

--
-- Indexes for table `provinces`
--
ALTER TABLE `provinces`
  ADD PRIMARY KEY (`id`),
  ADD UNIQUE KEY `uq_province_name` (`province_name`);

--
-- Indexes for table `users`
--
ALTER TABLE `users`
  ADD PRIMARY KEY (`id`),
  ADD UNIQUE KEY `email` (`user_email`),
  ADD UNIQUE KEY `user_email` (`user_email`),
  ADD KEY `fk_user_province` (`province_id`),
  ADD KEY `fk_user_municipality` (`municipality_id`),
  ADD KEY `fk_user_barangay` (`barangay_id`);

--
-- AUTO_INCREMENT for dumped tables
--

--
-- AUTO_INCREMENT for table `barangays`
--
ALTER TABLE `barangays`
  MODIFY `id` int(11) NOT NULL AUTO_INCREMENT, AUTO_INCREMENT=1800;

--
-- AUTO_INCREMENT for table `loan_applications`
--
ALTER TABLE `loan_applications`
  MODIFY `id` int(11) NOT NULL AUTO_INCREMENT, AUTO_INCREMENT=26;

--
-- AUTO_INCREMENT for table `loan_approvals`
--
ALTER TABLE `loan_approvals`
  MODIFY `id` int(11) NOT NULL AUTO_INCREMENT, AUTO_INCREMENT=38;

--
-- AUTO_INCREMENT for table `loan_borrowers`
--
ALTER TABLE `loan_borrowers`
  MODIFY `id` int(11) NOT NULL AUTO_INCREMENT, AUTO_INCREMENT=26;

--
-- AUTO_INCREMENT for table `loan_documents`
--
ALTER TABLE `loan_documents`
  MODIFY `id` int(11) NOT NULL AUTO_INCREMENT, AUTO_INCREMENT=26;

--
-- AUTO_INCREMENT for table `loan_payments`
--
ALTER TABLE `loan_payments`
  MODIFY `id` int(11) NOT NULL AUTO_INCREMENT, AUTO_INCREMENT=26;

--
-- AUTO_INCREMENT for table `loan_penalties`
--
ALTER TABLE `loan_penalties`
  MODIFY `id` int(11) NOT NULL AUTO_INCREMENT;

--
-- AUTO_INCREMENT for table `loan_rejections`
--
ALTER TABLE `loan_rejections`
  MODIFY `id` int(11) NOT NULL AUTO_INCREMENT, AUTO_INCREMENT=7;

--
-- AUTO_INCREMENT for table `loan_types`
--
ALTER TABLE `loan_types`
  MODIFY `id` int(11) NOT NULL AUTO_INCREMENT, AUTO_INCREMENT=15;

--
-- AUTO_INCREMENT for table `loan_valid_id`
--
ALTER TABLE `loan_valid_id`
  MODIFY `id` int(11) NOT NULL AUTO_INCREMENT, AUTO_INCREMENT=13;

--
-- AUTO_INCREMENT for table `loan_valid_ids`
--
ALTER TABLE `loan_valid_ids`
  MODIFY `id` int(11) NOT NULL AUTO_INCREMENT, AUTO_INCREMENT=26;

--
-- AUTO_INCREMENT for table `municipalities`
--
ALTER TABLE `municipalities`
  MODIFY `id` int(11) NOT NULL AUTO_INCREMENT, AUTO_INCREMENT=101;

--
-- AUTO_INCREMENT for table `officers`
--
ALTER TABLE `officers`
  MODIFY `id` int(11) NOT NULL AUTO_INCREMENT, AUTO_INCREMENT=9;

--
-- AUTO_INCREMENT for table `provinces`
--
ALTER TABLE `provinces`
  MODIFY `id` int(11) NOT NULL AUTO_INCREMENT, AUTO_INCREMENT=11;

--
-- AUTO_INCREMENT for table `users`
--
ALTER TABLE `users`
  MODIFY `id` int(11) NOT NULL AUTO_INCREMENT, AUTO_INCREMENT=44;

--
-- Constraints for dumped tables
--

--
-- Constraints for table `barangays`
--
ALTER TABLE `barangays`
  ADD CONSTRAINT `fk_barangay_municipality` FOREIGN KEY (`municipality_id`) REFERENCES `municipalities` (`id`) ON DELETE CASCADE ON UPDATE CASCADE;

--
-- Constraints for table `loan_applications`
--
ALTER TABLE `loan_applications`
  ADD CONSTRAINT `fk_user_loan` FOREIGN KEY (`user_id`) REFERENCES `users` (`id`);

--
-- Constraints for table `loan_approvals`
--
ALTER TABLE `loan_approvals`
  ADD CONSTRAINT `loan_approvals_ibfk_1` FOREIGN KEY (`loan_application_id`) REFERENCES `loan_applications` (`id`);

--
-- Constraints for table `loan_borrowers`
--
ALTER TABLE `loan_borrowers`
  ADD CONSTRAINT `loan_borrowers_ibfk_1` FOREIGN KEY (`loan_application_id`) REFERENCES `loan_applications` (`id`) ON DELETE CASCADE;

--
-- Constraints for table `loan_documents`
--
ALTER TABLE `loan_documents`
  ADD CONSTRAINT `loan_documents_ibfk_1` FOREIGN KEY (`loan_application_id`) REFERENCES `loan_applications` (`id`) ON DELETE CASCADE;

--
-- Constraints for table `loan_rejections`
--
ALTER TABLE `loan_rejections`
  ADD CONSTRAINT `loan_rejections_ibfk_1` FOREIGN KEY (`loan_application_id`) REFERENCES `loan_applications` (`id`);

--
-- Constraints for table `loan_valid_ids`
--
ALTER TABLE `loan_valid_ids`
  ADD CONSTRAINT `loan_valid_ids_ibfk_1` FOREIGN KEY (`loan_application_id`) REFERENCES `loan_applications` (`id`) ON DELETE CASCADE;

--
-- Constraints for table `municipalities`
--
ALTER TABLE `municipalities`
  ADD CONSTRAINT `fk_municipality_province` FOREIGN KEY (`province_id`) REFERENCES `provinces` (`id`) ON DELETE CASCADE ON UPDATE CASCADE;

--
-- Constraints for table `users`
--
ALTER TABLE `users`
  ADD CONSTRAINT `fk_user_barangay` FOREIGN KEY (`barangay_id`) REFERENCES `barangays` (`id`) ON DELETE SET NULL ON UPDATE CASCADE,
  ADD CONSTRAINT `fk_user_municipality` FOREIGN KEY (`municipality_id`) REFERENCES `municipalities` (`id`) ON DELETE SET NULL ON UPDATE CASCADE,
  ADD CONSTRAINT `fk_user_province` FOREIGN KEY (`province_id`) REFERENCES `provinces` (`id`) ON DELETE SET NULL ON UPDATE CASCADE;
COMMIT;

/*!40101 SET CHARACTER_SET_CLIENT=@OLD_CHARACTER_SET_CLIENT */;
/*!40101 SET CHARACTER_SET_RESULTS=@OLD_CHARACTER_SET_RESULTS */;
/*!40101 SET COLLATION_CONNECTION=@OLD_COLLATION_CONNECTION */;
